name,brand,model,price,currency,old_price,discount,rating,reviews,url,source_site,scraped_at
Samsung A07 4-64 Noir - 2 ans de Garantie,samsung,A07,989.0,Dhs,1199.0,18%,4.3,29,https://www.jumia.ma/samsung-a07-4-64-noir-2-ans-de-garantie-67237288.html,jumia_ma,2026-04-24T14:51:10.359083
"Samsung Galaxy A06 - 6,7"" - 128 Go - 6 Go RAM – Noir",samsung,A06,1199.0,Dhs,1439.0,17%,4.2,121,https://www.jumia.ma/samsung-galaxy-a06-67-128-go-6-go-ram-noir-66285424.html,jumia_ma,2026-04-24T14:51:10.359690
Samsung A07 4-64 Violet - 2 ans de Garantie,samsung,A07,989.0,Dhs,1199.0,18%,4.7,24,https://www.jumia.ma/samsung-a07-4-64-violet-2-ans-de-garantie-67237286.html,jumia_ma,2026-04-24T14:51:10.360183
"Samsung Galaxy A06 - 6,7"" - 128 Go - 6 Go RAM – Light Blue",samsung,A06,1199.0,Dhs,1439.0,17%,4.2,61,https://www.jumia.ma/samsung-galaxy-a06-67-128-go-6-go-ram-light-blue-66285423.html,jumia_ma,2026-04-24T14:51:10.360710
Samsung A07 4-64 Green - 2 ans de Garantie,samsung,A07,989.0,Dhs,1199.0,18%,4.8,14,https://www.jumia.ma/samsung-a07-4-64-green-2-ans-de-garantie-67237287.html,jumia_ma,2026-04-24T14:51:10.361174
Samsung Galaxy A16 8GB + 256GB - Black - 2 ans de garantie,samsung,Unknown,2199.0,Dhs,2639.0,17%,4.3,71,https://www.jumia.ma/samsung-galaxy-a16-8gb-256gb-black-2-ans-de-garantie-65981498.html,jumia_ma,2026-04-24T14:51:10.361720
Samsung Galaxy A16 4-128G  Noir - 2 ans de Garantie,samsung,Unknown,1449.0,Dhs,1739.0,17%,4.5,53,https://www.jumia.ma/samsung-galaxy-a16-4-128g-noir-2-ans-de-garantie-65981495.html,jumia_ma,2026-04-24T14:51:10.362216
Samsung A07 4-128 Noir - 2 ans de Garantie,samsung,A07,1299.0,Dhs,1559.0,17%,4.2,16,https://www.jumia.ma/samsung-a07-4-128-noir-2-ans-de-garantie-67313886.html,jumia_ma,2026-04-24T14:51:10.362740
Samsung A17 4-128 Noir - 2 ans de Garantie,samsung,Unknown,1649.0,Dhs,1979.0,17%,3.7,3,https://www.jumia.ma/samsung-a17-4-128-noir-2-ans-de-garantie-67496926.html,jumia_ma,2026-04-24T14:51:10.363226
"Samsung Galaxy A07 - 6,7"" - 128Go + 4 Go Ram  - Green - 2 ans de garantie",samsung,A07,1299.0,Dhs,1559.0,17%,5,1,https://www.jumia.ma/samsung-galaxy-a07-67-128go-4-go-ram-green-2-ans-de-garantie-67313887.html,jumia_ma,2026-04-24T14:51:10.363727
Samsung Galaxy A16  4-128G  Gris - 2 ans de Garantie,samsung,Unknown,1449.0,Dhs,1739.0,17%,4.5,51,https://www.jumia.ma/samsung-galaxy-a16-4-128g-gris-2-ans-de-garantie-65981494.html,jumia_ma,2026-04-24T14:51:10.364215
Samsung Galaxy A16  4-128G  Light Green - 2 ans de Garantie,samsung,Unknown,1449.0,Dhs,1739.0,17%,4.3,35,https://www.jumia.ma/samsung-galaxy-a16-4-128g-light-green-2-ans-de-garantie-65981493.html,jumia_ma,2026-04-24T14:51:10.364752
Samsung A07 6-128 Noir - 2 ans de Garantie,samsung,A07,1399.0,Dhs,1679.0,17%,4.5,11,https://www.jumia.ma/samsung-a07-6-128-noir-2-ans-de-garantie-67237290.html,jumia_ma,2026-04-24T14:51:10.365248
Samsung Galaxy A16 8GB + 256GB - Gray - 2 ans de garantie,samsung,Unknown,2199.0,Dhs,2639.0,17%,4.5,26,https://www.jumia.ma/samsung-galaxy-a16-8gb-256gb-gray-2-ans-de-garantie-65981497.html,jumia_ma,2026-04-24T14:51:10.365828
Samsung A06 6-128 GOLD  - 2 ans de Garantie,samsung,A06,1199.0,Dhs,1439.0,17%,4.3,56,https://www.jumia.ma/samsung-a06-6-128-gold-2-ans-de-garantie-66285425.html,jumia_ma,2026-04-24T14:51:10.366405
Samsung GALAXY A07 4 Go 64 Go Vert,samsung,A07,999.0,Dhs,1249.0,20%,5,2,https://www.jumia.ma/samsung-galaxy-a07-4-go-64-go-vert-67378535.html,jumia_ma,2026-04-24T14:51:10.366953
Samsung A17 4-128 Gris - 2 ans de Garantie,samsung,Unknown,1649.0,Dhs,1979.0,17%,5,3,https://www.jumia.ma/samsung-a17-4-128-gris-2-ans-de-garantie-67496925.html,jumia_ma,2026-04-24T14:51:10.367486
Samsung A17 8-256 Noir - 2 ans de Garantie,samsung,Unknown,2299.0,Dhs,2759.0,17%,3.8,6,https://www.jumia.ma/samsung-a17-8-256-noir-2-ans-de-garantie-67237235.html,jumia_ma,2026-04-24T14:51:10.368060
Samsung A17 4-128 Bleu - 2 ans de Garantie,samsung,Unknown,1649.0,Dhs,1979.0,17%,4.3,4,https://www.jumia.ma/samsung-a17-4-128-bleu-2-ans-de-garantie-67496924.html,jumia_ma,2026-04-24T14:51:10.368705
"Samsung A07  - 6,7""  - 128 Go  - 6 Go Ram  - Green - 2 ans de garantie",samsung,A07,1399.0,Dhs,1679.0,17%,4.1,7,https://www.jumia.ma/samsung-a07-67-128-go-6-go-ram-green-2-ans-de-garantie-67237289.html,jumia_ma,2026-04-24T14:51:10.369277
Samsung A17 6-128 Noir - 2 ans de Garantie,samsung,Unknown,1799.0,Dhs,2159.0,17%,4.8,4,https://www.jumia.ma/samsung-a17-6-128-noir-2-ans-de-garantie-67497119.html,jumia_ma,2026-04-24T14:51:10.369938
Samsung A17 5G 4-128G Noir - 2 ans de Garantie,samsung,Unknown,1799.0,Dhs,2159.0,17%,5,1,https://www.jumia.ma/samsung-a17-5g-4-128g-noir-2-ans-de-garantie-67496935.html,jumia_ma,2026-04-24T14:51:10.370556
"Samsung A17 6,7’ 5G 8Go Ram + 256 Go – Bleu - 2 ans de garantie",samsung,Unknown,2399.0,Dhs,2879.0,17%,,,https://www.jumia.ma/samsung-a17-67-5g-8go-ram-256-go-bleu-2-ans-de-garantie-67496937.html,jumia_ma,2026-04-24T14:51:10.371096
"Samsung Galaxy A05 - 6.7"" - 4GB + 128GB - Noir",samsung,A05,1069.0,Dhs,1429.0,25%,4.2,142,https://www.jumia.ma/samsung-galaxy-a05-6.7-4gb-128gb-noir-64473018.html,jumia_ma,2026-04-24T14:51:10.371678
Samsung A17 8-256 Gris - 2 ans de Garantie,samsung,Unknown,2299.0,Dhs,2759.0,17%,4,3,https://www.jumia.ma/samsung-a17-8-256-gris-2-ans-de-garantie-67237234.html,jumia_ma,2026-04-24T14:51:10.372232
"Samsung GALAXY A07, 4 Go, 64 Go, Noir",samsung,A07,999.0,Dhs,1490.0,33%,,,https://www.jumia.ma/samsung-galaxy-a07-4-go-64-go-noir-67378530.html,jumia_ma,2026-04-24T14:51:10.373254
Samsung A17 8-256 Bleu - 2 ans de Garantie,samsung,Unknown,2299.0,Dhs,2759.0,17%,4.3,4,https://www.jumia.ma/samsung-a17-8-256-bleu-2-ans-de-garantie-67237233.html,jumia_ma,2026-04-24T14:51:10.374540
Samsung A17 6-128 Gris - 2 ans de Garantie,samsung,Unknown,1799.0,Dhs,2159.0,17%,4.5,2,https://www.jumia.ma/samsung-a17-6-128-gris-2-ans-de-garantie-67497118.html,jumia_ma,2026-04-24T14:51:10.375156
"Samsung smartphone Galaxy A56 5G stockage 256GB Ram 8 GB 6,7 Super AMOLED 120 Hz 50+12+5 MP-awesome graphite",samsung,Unknown,4058.0,Dhs,5799.0,30%,,,https://www.jumia.ma/samsung-smartphone-galaxy-a56-5g-stockage-256gb-ram-8-gb-67-super-amoled-120-hz-50125-mp-awesome-graphite-67074413.html,jumia_ma,2026-04-24T14:51:10.375601
"Samsung Galaxy A26 5G  6.7"" (8GB RAM + 256GB ROM) - 50 Mpx +Noir-Chargeur Rapide 25W Inclus",samsung,Unknown,2780.0,Dhs,3590.0,23%,4.8,4,https://www.jumia.ma/samsung-galaxy-a26-5g-6.7-8gb-ram-256gb-rom-50-mpx-noir-chargeur-rapide-25w-inclus-67057776.html,jumia_ma,2026-04-24T14:51:10.376119
Samsung Galaxy S26 Ultra – 12GB RAM / 512GB - Noir - Neuf,samsung,Unknown,14875.0,Dhs,16699.0,11%,,,https://www.jumia.ma/samsung-galaxy-s26-ultra-12gb-ram-512gb-noir-neuf-67682568.html,jumia_ma,2026-04-24T14:51:10.376622
Samsung Galaxy A36 5G - 6.7'' - (8GB - 256 GB)  -50MP+12MP+5MP+/32MP -Awesome Lime+ Adapteur Rapide 25W Inclus,samsung,Unknown,3590.0,Dhs,4590.0,22%,5,4,https://www.jumia.ma/samsung-galaxy-a36-5g-6.7-8gb-256-gb-50mp12mp5mp32mp-awesome-lime-adapteur-rapide-25w-inclus-66902214.html,jumia_ma,2026-04-24T14:51:10.377140
"Samsung Galaxy A05 - 6.7"" - 4GB + 128GB - Vert clair",samsung,A05,1069.0,Dhs,1429.0,25%,4.3,72,https://www.jumia.ma/samsung-galaxy-a05-6.7-4gb-128gb-vert-clair-64473020.html,jumia_ma,2026-04-24T14:51:10.377731
"Samsung Galaxy A07 – 6.7"" – 64 Go – 4 Go RAM – Helio G99 – 5000 mAh/25W – 50MP – Noir",samsung,A07,1099.0,Dhs,1399.0,21%,,,https://www.jumia.ma/samsung-galaxy-a07-6.7-64-go-4-go-ram-helio-g99-5000-mah25w-50mp-noir-67208460.html,jumia_ma,2026-04-24T14:51:10.378230
"Samsung Galaxy A17 6.7"" 4G (8GB RAM + 256 GB ROM) - 50 Mpx + Adapteur - BLEU",samsung,Unknown,2290.0,Dhs,2590.0,12%,,,https://www.jumia.ma/samsung-galaxy-a17-6.7-4g-8gb-ram-256-gb-rom-50-mpx-adapteur-bleu-67410376.html,jumia_ma,2026-04-24T14:51:10.378768
"Samsung A16 6.7"" (128GB - 4GB) Amoled 90Hz - Helio G99 - 5000mAh/25W -Gray",samsung,Unknown,1449.0,Dhs,1999.0,28%,4.4,5,https://www.jumia.ma/samsung-a16-6.7-128gb-4gb-amoled-90hz-helio-g99-5000mah25w-gray-66571203.html,jumia_ma,2026-04-24T14:51:10.379313
"Samsung A06 – 6.7"" – 64 Go – 4 Go RAM – Helio G85 – 5000 mAh/25W – 50MP + Adaptateur – Black",samsung,A06,1049.0,Dhs,1399.0,25%,4,5,https://www.jumia.ma/samsung-a06-6.7-64-go-4-go-ram-helio-g85-5000-mah25w-50mp-adaptateur-black-65797927.html,jumia_ma,2026-04-24T14:51:10.379896
"Samsung A16 6.7"" (128 Go - 4 Go) Amoled 90Hz - Helio G99 - 5000mAh/25W - Noir",samsung,Unknown,1449.0,Dhs,1899.0,24%,5,1,https://www.jumia.ma/samsung-a16-6.7-128-go-4-go-amoled-90hz-helio-g99-5000mah25w-noir-67305179.html,jumia_ma,2026-04-24T14:51:10.380483
"Samsung Galaxy A06 6.7"" 4G LTE (4GB RAM + 128 GB ROM) capteur d’empreinte  - 50 Mpx - NOIR",samsung,A06,1290.0,Dhs,1390.0,7%,,,https://www.jumia.ma/samsung-galaxy-a06-6.7-4g-lte-4gb-ram-128-gb-rom-capteur-dempreinte-50-mpx-noir-66307905.html,jumia_ma,2026-04-24T14:51:10.380977
"Samsung Galaxy A07 – 6.7"" – 128 Go – 4 Go RAM – Helio G99 – 5000 mAh/25W – 50MP – Vert",samsung,A07,1299.0,Dhs,1399.0,7%,,,https://www.jumia.ma/samsung-galaxy-a07-6.7-128-go-4-go-ram-helio-g99-5000-mah25w-50mp-vert-67417165.html,jumia_ma,2026-04-24T14:51:10.381456
"Apple iPhone 17 Pro Max 256 Go 6,9"" 12 Go RAM Puce A19 Pro Orange Cosmique iOS",apple,Unknown,15775.0,Dhs,22999.0,31%,,,https://www.jumia.ma/apple-iphone-17-pro-max-256-go-69-12-go-ram-puce-a19-pro-orange-cosmique-ios-67234002.html,jumia_ma,2026-04-24T14:51:14.576139
"Apple iPhone 17 Pro Max 256 Go 6,9"" 12 Go RAM Puce A19 Pro Bleu Intense iOS",apple,Unknown,15775.0,Dhs,22999.0,31%,,,https://www.jumia.ma/apple-iphone-17-pro-max-256-go-69-12-go-ram-puce-a19-pro-bleu-intense-ios-67234003.html,jumia_ma,2026-04-24T14:51:14.577127
"Apple iPhone 17 Pro Max 256 Go 6,9"" 12 Go RAM Puce A19 Pro Argent iOS",apple,Unknown,15775.0,Dhs,22999.0,31%,,,https://www.jumia.ma/apple-iphone-17-pro-max-256-go-69-12-go-ram-puce-a19-pro-argent-ios-67234004.html,jumia_ma,2026-04-24T14:51:14.578092
Apple iPhone 13 Pro - 256GB - Bleu Alpin - 6.1-inch - Remis à neuf,apple,Iphone 13 Pro,5800.0,Dhs,6899.0,16%,,,https://www.jumia.ma/apple-iphone-13-pro-256gb-bleu-alpin-6.1-inch-remis-a-neuf-67569553.html,jumia_ma,2026-04-24T14:51:14.578772
Apple iPhone 17 Normal 256 GB 6.3-inch Noir Neuf,apple,Unknown,10249.0,Dhs,11899.0,14%,,,https://www.jumia.ma/apple-iphone-17-normal-256-gb-6.3-inch-noir-neuf-67496236.html,jumia_ma,2026-04-24T14:51:14.579513
"Apple iPhone 15 – 6,1"" – 128 Go – 6 Go RAM – Bleu",apple,Iphone 15,7975.0,Dhs,13000.0,39%,4,3,https://www.jumia.ma/iphone-15-128gb-bleu-61-blue-dynamic-island-a16-bionic-ios-48-mpx-6gb-ram-siri-apple-mpg1455789.html,jumia_ma,2026-04-24T14:51:14.580458
Apple iPhone 17 Pro Max / 256 Go / Argent / Smartphone 5G-LTE IP68 Dual SIM - A19 Pro Hexa-Core - Écran Super Retina XDR OLED 6.9 pouces 1320 x 2868 - NFC/Bluetooth 6 - iOS 26 Neuf,apple,Unknown,15800.0,Dhs,18899.0,16%,,,https://www.jumia.ma/apple-iphone-17-pro-max-256-go-argent-smartphone-5g-lte-ip68-dual-sim-a19-pro-hexa-core-ecran-super-retina-xdr-oled-6.9-pouces-1320-x-2868-nfcbluetooth-6-ios-26-neuf-67400773.html,jumia_ma,2026-04-24T14:51:14.581440
Apple iPhone 17 Pro Max / 512GB / Orange Cosmique / Smartphone 5G-LTE IP68 Dual SIM - A19 Pro Hexa-Core - Écran Super Retina XDR OLED 6.9-inch 1320 x 2868 - NFC/Bluetooth 6 - iOS 26 Neuf,apple,Unknown,19275.0,Dhs,21499.0,10%,,,https://www.jumia.ma/apple-iphone-17-pro-max-512gb-orange-cosmique-smartphone-5g-lte-ip68-dual-sim-a19-pro-hexa-core-ecran-super-retina-xdr-oled-6.9-inch-1320-x-2868-nfcbluetooth-6-ios-26-neuf-67401713.html,jumia_ma,2026-04-24T14:51:14.582286
"Apple iPhone 17 Pro Max 512 Go 6,9"" 12 Go RAM Puce A19 Pro Orange Cosmique iOS",apple,Unknown,19175.0,Dhs,25499.0,25%,,,https://www.jumia.ma/apple-iphone-17-pro-max-512-go-69-12-go-ram-puce-a19-pro-orange-cosmique-ios-67237739.html,jumia_ma,2026-04-24T14:51:14.583032
"Apple iPhone 15 – 6,1"" – 128 Go – 6 Go RAM – Pink",apple,Iphone 15,7775.0,Dhs,13000.0,40%,1,1,https://www.jumia.ma/apple-iphone-15-61-128-go-6-go-ram-pink-64037234.html,jumia_ma,2026-04-24T14:51:14.584817
"Apple iPhone 15 Pro Max 512 Go - Titanium Naturel - 8 Go RAM Ecran XDR OLED 6.7"" - New",apple,Iphone 15 Pro Max,11399.0,Dhs,19500.0,42%,,,https://www.jumia.ma/apple-iphone-15-pro-max-512-go-titanium-naturel-8-go-ram-ecran-xdr-oled-6.7-new-64686323.html,jumia_ma,2026-04-24T14:51:14.585979
"Apple iPhone 16 – 6,1"" – 128 Go – 8 Go RAM – Rose",apple,Iphone 16,9175.0,Dhs,11999.0,24%,4,1,https://www.jumia.ma/apple-iphone-16-61-128-go-8-go-ram-rose-65767715.html,jumia_ma,2026-04-24T14:51:14.586914
Apple iPhone 17 Pro Max / 256GB / Orange Cosmique / Smartphone 5G-LTE IP68 Dual SIM - A19 Pro Hexa-Core - Écran Super Retina XDR OLED 6.9-inch 1320 x 2868 - NFC/Bluetooth 6 - iOS 26 Neuf,apple,Unknown,15800.0,Dhs,18899.0,16%,,,https://www.jumia.ma/apple-iphone-17-pro-max-256gb-orange-cosmique-smartphone-5g-lte-ip68-dual-sim-a19-pro-hexa-core-ecran-super-retina-xdr-oled-6.9-inch-1320-x-2868-nfcbluetooth-6-ios-26-neuf-67400683.html,jumia_ma,2026-04-24T14:51:14.587755
"Apple iPhone 17 Pro 256 Go 6,3"" 12 Go RAM Puce A19 Pro Orange Cosmique iOS",apple,Unknown,14675.0,Dhs,19999.0,27%,,,https://www.jumia.ma/apple-iphone-17-pro-256-go-63-12-go-ram-puce-a19-pro-orange-cosmique-ios-67234005.html,jumia_ma,2026-04-24T14:51:14.588479
Apple iPhone 16e 128 Go Noir 8 Go RAM 48 Mpx 6.1 Puce A18 iOS Bouton Action 5G,apple,Iphone 16,6475.0,Dhs,8999.0,28%,5,2,https://www.jumia.ma/apple-iphone-16e-128-go-noir-8-go-ram-48-mpx-6.1-puce-a18-ios-bouton-action-5g-66560995.html,jumia_ma,2026-04-24T14:51:14.589660
"Apple iPhone 17 Pro Max 512 Go 6,9"" 12 Go RAM Puce A19 Pro Argent iOS",apple,Unknown,19175.0,Dhs,25499.0,25%,,,https://www.jumia.ma/apple-iphone-17-pro-max-512-go-69-12-go-ram-puce-a19-pro-argent-ios-67246854.html,jumia_ma,2026-04-24T14:51:14.590754
Apple iPhone 17 Pro 512GB - Orange Cosmique - Smartphone 5G-LTE IP68 - A19 Pro Hexa-Core - Écran Super Retina XDR OLED 6.3 pouces 1206 x 2622 - NFC/Bluetooth 6 - iOS 26 Neuf,apple,Unknown,16549.0,Dhs,18899.0,12%,,,https://www.jumia.ma/apple-iphone-17-pro-512gb-orange-cosmique-smartphone-5g-lte-ip68-a19-pro-hexa-core-ecran-super-retina-xdr-oled-6.3-pouces-1206-x-2622-nfcbluetooth-6-ios-26-neuf-67405499.html,jumia_ma,2026-04-24T14:51:14.591898
"Apple iPhone 16 – 6,1"" – 128 Go – 8 Go RAM – Outremer",apple,Iphone 16,8975.0,Dhs,11999.0,25%,,,https://www.jumia.ma/apple-iphone-16-61-128-go-8-go-ram-outremer-65767708.html,jumia_ma,2026-04-24T14:51:14.593603
"Apple iPhone 13 – 6,1"" – 128 Go – 4 Go RAM – Lumière Stellaire",apple,Iphone 13,6475.0,Dhs,9999.0,35%,5,3,https://www.jumia.ma/iphone-13-128gb-lumiere-stellaire-61-starlight-5g-a15-4gb-ram-neuf-apple-mpg1408696.html,jumia_ma,2026-04-24T14:51:14.594824
Apple iPhone 15 Pro Max - 6.7-inch - 1TB - Titane Bleu -  Reconditionné,apple,Iphone 15 Pro Max,9999.0,Dhs,11699.0,15%,,,https://www.jumia.ma/apple-iphone-15-pro-max-6.7-inch-1tb-titane-bleu-reconditionne-67545028.html,jumia_ma,2026-04-24T14:51:14.596167
"Apple iPhone 14 normal 128GB - 6,1-inch - Mauve (Purple) Bionic A15 -  Reconditionné",apple,A15,4800.0,Dhs,6799.0,29%,,,https://www.jumia.ma/apple-iphone-14-normal-128gb-61-inch-mauve-purple-bionic-a15-reconditionne-67705661.html,jumia_ma,2026-04-24T14:51:14.600353
"Apple iPhone 17 Pro 256 Go 6,3"" 12 Go RAM Puce A19 Pro Bleu Intense iOS",apple,Unknown,14675.0,Dhs,19999.0,27%,,,https://www.jumia.ma/apple-iphone-17-pro-256-go-63-12-go-ram-puce-a19-pro-bleu-intense-ios-67234006.html,jumia_ma,2026-04-24T14:51:14.603881
Apple iPhone 17 Pro 256GB - Orange Cosmique - Smartphone 5G-LTE IP68 - A19 Pro Hexa-Core - Écran Super Retina XDR OLED 6.3 pouces 1206 x 2622 - NFC/Bluetooth 6 - iOS 26 Neuf,apple,Unknown,15200.0,Dhs,16999.0,11%,5,1,https://www.jumia.ma/apple-iphone-17-pro-256gb-orange-cosmique-smartphone-5g-lte-ip68-a19-pro-hexa-core-ecran-super-retina-xdr-oled-6.3-pouces-1206-x-2622-nfcbluetooth-6-ios-26-neuf-67400572.html,jumia_ma,2026-04-24T14:51:14.605350
"Apple iPhone 15 – 6,1"" – 128 Go – 6 Go RAM – Noir",apple,Iphone 15,7975.0,Dhs,13000.0,39%,5,11,https://www.jumia.ma/iphone-15-128gb-noir-61-black-dynamic-island-a16-bionic-ios-48-mpx-6gb-ram-apple-mpg1455788.html,jumia_ma,2026-04-24T14:51:14.606704
"Apple iPhone 16 Pro Max - 6.9"" - 8GB RAM + 256GB - Titane Naturel",apple,Iphone 16 Pro Max,14100.0,Dhs,18999.0,26%,,,https://www.jumia.ma/apple-iphone-16-pro-max-6.9-8gb-ram-256gb-titane-naturel-65971265.html,jumia_ma,2026-04-24T14:51:14.607894
Apple iPhone 17 Pro Max / 512GB / Bleu Intense / Smartphone 5G-LTE IP68 Dual SIM - A19 Pro Hexa-Core - Écran Super Retina XDR OLED 6.9-inch 1320 x 2868 - NFC/Bluetooth 6 - iOS 26 Neuf,apple,Unknown,19275.0,Dhs,21499.0,10%,,,https://www.jumia.ma/apple-iphone-17-pro-max-512gb-bleu-intense-smartphone-5g-lte-ip68-dual-sim-a19-pro-hexa-core-ecran-super-retina-xdr-oled-6.9-inch-1320-x-2868-nfcbluetooth-6-ios-26-neuf-67401731.html,jumia_ma,2026-04-24T14:51:14.609062
"Apple iPhone 16 – 6,1"" – 128 Go – 8 Go RAM – Noir",apple,Iphone 16,8575.0,Dhs,11999.0,29%,5,3,https://www.jumia.ma/apple-iphone-16-61-128-go-8-go-ram-noir-65767716.html,jumia_ma,2026-04-24T14:51:14.610418
"Apple iPhone XR, 6.1"", 64Go + 3Gb Stockage - Blanc -  Reconditionné",apple,Unknown,3699.0,Dhs,4299.0,14%,,,https://www.jumia.ma/apple-iphone-xr-6.1-64go-3gb-stockage-blanc-reconditionne-61371423.html,jumia_ma,2026-04-24T14:51:14.612120
"Apple iPhone 14 – 6.1"" – 128 Go – 6 Go RAM - Minuit – Bionic A15",apple,A15,6999.0,Dhs,13199.0,47%,5,1,https://www.jumia.ma/iphone-14-128gb-minuit-61-midnight-a15-ios-mode-action-sos-6gb-ram-garantie-apple-mpg1408693.html,jumia_ma,2026-04-24T14:51:14.615513
"Apple iPhone 15 Pro Max 256 Go - Titane Black - Ecran OLED 6.7"" inch - 8 Go RAM - New",apple,Iphone 15 Pro Max,10399.0,Dhs,11299.0,8%,,,https://www.jumia.ma/apple-iphone-15-pro-max-256-go-titane-black-ecran-oled-6.7-inch-8-go-ram-new-64559293.html,jumia_ma,2026-04-24T14:51:14.616379
Apple iPhone 16 Pro Max 8GB + 256GB - Noir Titane -  Reconditionné,apple,Iphone 16 Pro Max,10800.0,Dhs,13899.0,22%,,,https://www.jumia.ma/apple-iphone-16-pro-max-8gb-256gb-noir-titane-reconditionne-67501009.html,jumia_ma,2026-04-24T14:51:14.620734
"Apple iPhone 15 128 GB (Rose) Pink Dynamic Island - Retina XDR OLED 6.1"" 6GB RAM - New",apple,Iphone 15,7999.0,Dhs,10999.0,27%,,,https://www.jumia.ma/apple-iphone-15-128-gb-rose-pink-dynamic-island-retina-xdr-oled-6.1-6gb-ram-new-64508495.html,jumia_ma,2026-04-24T14:51:14.622167
"Apple iPhone 16e 128 Go Black 8 Go RAM 48 Mpx 6.1 Puce A18 iOS Bouton Action Ecran Super Retina XDR OLED 6.1"" 1170 x 2532 5G",apple,Iphone 16,5350.0,Dhs,8899.0,40%,,,https://www.jumia.ma/apple-iphone-16e-128-go-black-8-go-ram-48-mpx-6.1-puce-a18-ios-bouton-action-ecran-super-retina-xdr-oled-6.1-1170-x-2532-5g-66593452.html,jumia_ma,2026-04-24T14:51:14.623314
Apple iPhone 17 Pro Max / 256GB / Bleu Intense / Smartphone 5G-LTE IP68 Dual SIM - A19 Pro Hexa-Core - Écran Super Retina XDR OLED 6.9-inch 1320 x 2868 - NFC/Bluetooth 6 - iOS 26 Neuf,apple,Unknown,15800.0,Dhs,18899.0,16%,,,https://www.jumia.ma/apple-iphone-17-pro-max-256gb-bleu-intense-smartphone-5g-lte-ip68-dual-sim-a19-pro-hexa-core-ecran-super-retina-xdr-oled-6.9-inch-1320-x-2868-nfcbluetooth-6-ios-26-neuf-67400696.html,jumia_ma,2026-04-24T14:51:14.624027
"Apple iPhone 16 Pro Max 512GB Titane Noir 6,9"" Contrôle de Camera A18 Pro 8GB RAM iOS 18",apple,Iphone 16 Pro Max,14975.0,Dhs,19999.0,25%,,,https://www.jumia.ma/apple-iphone-16-pro-max-512gb-titane-noir-69-controle-de-camera-a18-pro-8gb-ram-ios-18-65993192.html,jumia_ma,2026-04-24T14:51:14.624764
Apple iPhone 17 Pro 256GB - Bleu Intense - Smartphone 5G-LTE IP68 - A19 Pro Hexa-Core - Écran Super Retina XDR OLED 6.3 pouces 1206 x 2622 - NFC/Bluetooth 6 - iOS 26 Neuf,apple,Unknown,15200.0,Dhs,16999.0,11%,,,https://www.jumia.ma/apple-iphone-17-pro-256gb-bleu-intense-smartphone-5g-lte-ip68-a19-pro-hexa-core-ecran-super-retina-xdr-oled-6.3-pouces-1206-x-2622-nfcbluetooth-6-ios-26-neuf-67400657.html,jumia_ma,2026-04-24T14:51:14.625467
Apple iPhone 17 Pro Max / 512 Go / Argent / Smartphone 5G-LTE IP68 Dual SIM - A19 Pro Hexa-Core - Écran Super Retina XDR OLED 6.9 pouces 1320 x 2868 - NFC/Bluetooth 6 - iOS 26 Neuf,apple,Unknown,19275.0,Dhs,21499.0,10%,,,https://www.jumia.ma/apple-iphone-17-pro-max-512-go-argent-smartphone-5g-lte-ip68-dual-sim-a19-pro-hexa-core-ecran-super-retina-xdr-oled-6.9-pouces-1320-x-2868-nfcbluetooth-6-ios-26-neuf-67403059.html,jumia_ma,2026-04-24T14:51:14.626635
"Apple iPhone 17 Pro 256 Go 6,3"" 12 Go RAM Puce A19 Pro Argent iOS",apple,Unknown,14675.0,Dhs,19999.0,27%,,,https://www.jumia.ma/apple-iphone-17-pro-256-go-63-12-go-ram-puce-a19-pro-argent-ios-67234007.html,jumia_ma,2026-04-24T14:51:14.627914
Apple iPhone 17 Pro 512 GB - Bleu Intense - Smartphone 5G-LTE IP68 - A19 Pro Hexa-Core - Écran Super Retina XDR OLED 6.3 pouces 1206 x 2622 - NFC/Bluetooth 6 - iOS 26 Neuf,apple,Unknown,16549.0,Dhs,18899.0,12%,,,https://www.jumia.ma/apple-iphone-17-pro-512-gb-bleu-intense-smartphone-5g-lte-ip68-a19-pro-hexa-core-ecran-super-retina-xdr-oled-6.3-pouces-1206-x-2622-nfcbluetooth-6-ios-26-neuf-67405503.html,jumia_ma,2026-04-24T14:51:14.631013
Apple iPhone 11 6.1 pouces 64Go 6GO Ram iOS 12Mpixels Red Edition  Reconditionné  Grade B,apple,Unknown,2799.0,Dhs,4999.0,44%,,,https://www.jumia.ma/apple-iphone-11-6.1-pouces-64go-6go-ram-ios-12mpixels-red-edition-reconditionne-grade-b-65272904.html,jumia_ma,2026-04-24T14:51:14.634000
Samsung Galaxy S23 Ultra Crème 12 Go  256 Go -  Reconditionné,samsung,S23 Ultra,6850.0,Dhs,8799.0,22%,,,https://www.jumia.ma/samsung-galaxy-s23-ultra-creme-12-go-256-go-reconditionne-67628299.html,jumia_ma,2026-04-24T14:51:19.118677
Samsung A17 5G 8-256G Grey - 2 ans de Garantie,samsung,Unknown,2399.0,Dhs,2879.0,17%,,,https://www.jumia.ma/samsung-a17-5g-8-256g-grey-2-ans-de-garantie-67496938.html,jumia_ma,2026-04-24T14:51:19.119281
Samsung Galaxy S23 Normal - 6.1-inch - Violet - 8 GB  256 GB -  Reconditionné,samsung,S23,4250.0,Dhs,5899.0,28%,,,https://www.jumia.ma/samsung-galaxy-s23-normal-6.1-inch-violet-8-gb-256-gb-reconditionne-67525607.html,jumia_ma,2026-04-24T14:51:19.119866
Samsung Galaxy A17 Gris 4+128Go,samsung,Unknown,1549.0,Dhs,1990.0,22%,5,1,https://www.jumia.ma/samsung-galaxy-a17-gris-4128go-67378527.html,jumia_ma,2026-04-24T14:51:19.120556
Samsung Galaxy S24 Ultra 5G 12GB  512GB Bleu (Titanium Blue) -  Reconditionné,samsung,S24 Ultra,8200.0,Dhs,9599.0,15%,,,https://www.jumia.ma/samsung-galaxy-s24-ultra-5g-12gb-512gb-bleu-titanium-blue-reconditionne-67672182.html,jumia_ma,2026-04-24T14:51:19.121154
"Samsung Galaxy A26 5G - 6.7"" (256 Go - 8 Go) Amoled 120 Hz - 5000mAh/25W + Adaptateur 25W - Noir",samsung,Unknown,3260.0,Dhs,3299.0,1%,5,2,https://www.jumia.ma/samsung-galaxy-a26-5g-6.7-256-go-8-go-amoled-120-hz-5000mah25w-adaptateur-25w-noir-67425285.html,jumia_ma,2026-04-24T14:51:19.121881
"Samsung Galaxy A17 6,7""- 4 Go + 128 Go – Noir - 2 ans de garantie",samsung,Unknown,1799.0,Dhs,1929.0,7%,5,2,https://www.jumia.ma/samsung-galaxy-a17-67-4-go-128-go-noir-2-ans-de-garantie-67237232.html,jumia_ma,2026-04-24T14:51:19.122665
"Samsung Galaxy S22 Black ( Noir ) 6.1"" 8Go 256Go Dual Sim - Reconditionné",samsung,S22,3400.0,Dhs,6299.0,46%,,,https://www.jumia.ma/samsung-galaxy-s22-black-noir-6.1-8go-256go-dual-sim-reconditionne-61997350.html,jumia_ma,2026-04-24T14:51:19.123272
Samsung A17 5G  4-128G Bleu - 2 ans de Garantie,samsung,Unknown,1799.0,Dhs,2159.0,17%,5,1,https://www.jumia.ma/samsung-a17-5g-4-128g-bleu-2-ans-de-garantie-67496934.html,jumia_ma,2026-04-24T14:51:19.123953
Samsung Smartphone Galaxy A16 4G Dual Sim Ram 4GB  - 128 GB  50Mp- Black,samsung,Unknown,1589.0,Dhs,1799.0,12%,,,https://www.jumia.ma/samsung-smartphone-galaxy-a16-4g-dual-sim-ram-4gb-128-gb-50mp-black-67182721.html,jumia_ma,2026-04-24T14:51:19.124625
Samsung A17 5G 8-256G  Noir - 2 ans de Garantie,samsung,Unknown,2399.0,Dhs,2879.0,17%,,,https://www.jumia.ma/samsung-a17-5g-8-256g-noir-2-ans-de-garantie-67496936.html,jumia_ma,2026-04-24T14:51:19.125207
"Samsung Galaxy A26 5G  6.7"" (8GB RAM + 256GB ROM) - 50 Mpx +Rose-Chargeur Rapide 25W Inclus",samsung,Unknown,2790.0,Dhs,3390.0,18%,1,1,https://www.jumia.ma/samsung-galaxy-a26-5g-6.7-8gb-ram-256gb-rom-50-mpx-rose-chargeur-rapide-25w-inclus-67128122.html,jumia_ma,2026-04-24T14:51:19.125885
Samsung Galaxy A17 8 Go+ 256 Go – Gris,samsung,Unknown,2666.0,Dhs,,,,,https://www.jumia.ma/samsung-galaxy-a17-8-go-256-go-gris-67335789.html,jumia_ma,2026-04-24T14:51:19.126362
Samsung Smartphone Galaxy A16 4G Dual Sim Ram 4GB  - 128 GB  50Mp- Grey,samsung,Unknown,1588.0,Dhs,1799.0,12%,,,https://www.jumia.ma/samsung-smartphone-galaxy-a16-4g-dual-sim-ram-4gb-128-gb-50mp-grey-67203866.html,jumia_ma,2026-04-24T14:51:19.126981
"Samsung Galaxy A07, 4+128 Go Violet",samsung,A07,1329.0,Dhs,1490.0,11%,,,https://www.jumia.ma/samsung-galaxy-a07-4128-go-violet-67378539.html,jumia_ma,2026-04-24T14:51:19.127568
"Samsung Galaxy A07 – 6.7"" – 128 Go – 4 Go RAM – Helio G99 – 5000 mAh/25W – 50MP – Light Violet",samsung,A07,1299.0,Dhs,1399.0,7%,,,https://www.jumia.ma/samsung-galaxy-a07-6.7-128-go-4-go-ram-helio-g99-5000-mah25w-50mp-light-violet-67417171.html,jumia_ma,2026-04-24T14:51:19.128116
Samsung Galaxy S23 Ultra Vert 12 Go / 256 Go AMOLED 120 Hz - Remis à neuf,samsung,S23 Ultra,6850.0,Dhs,8599.0,20%,,,https://www.jumia.ma/samsung-galaxy-s23-ultra-vert-12-go-256-go-amoled-120-hz-remis-a-neuf-67628209.html,jumia_ma,2026-04-24T14:51:19.128719
Samsung Galaxy S25 Ultra Titanium Black 12GB / 1TB 6.9-inch - Remis à Neuf,samsung,S25 Ultra,10850.0,Dhs,12599.0,14%,,,https://www.jumia.ma/samsung-galaxy-s25-ultra-titanium-black-12gb-1tb-6.9-inch-remis-a-neuf-67768330.html,jumia_ma,2026-04-24T14:51:19.129244
"Samsung Galaxy A17 5G 6.7"" (128 Go - 4 Go) Amoled 90Hz - Exynos 1300 - 5000mAh/25W + Adaptateur 25W - Black",samsung,Unknown,2599.0,Dhs,,,,,https://www.jumia.ma/samsung-galaxy-a17-5g-6.7-128-go-4-go-amoled-90hz-exynos-1300-5000mah25w-adaptateur-25w-black-67523459.html,jumia_ma,2026-04-24T14:51:19.129875
"Samsung Smartphone Galaxy S24FE Dual Sim 6,7""  Ram 8GB stockage 256 GB-Graphite",samsung,S24,5999.0,Dhs,8999.0,33%,,,https://www.jumia.ma/samsung-smartphone-galaxy-s24fe-dual-sim-67-ram-8gb-stockage-256-gb-graphite-67246327.html,jumia_ma,2026-04-24T14:51:19.130729
"Samsung Galaxy A07 – 6.7"" – 64 Go – 4 Go RAM – Helio G99 – 5000 mAh/25W – 50MP + Adapter – Noir",samsung,A07,1129.0,Dhs,1299.0,13%,,,https://www.jumia.ma/samsung-galaxy-a07-6.7-64-go-4-go-ram-helio-g99-5000-mah25w-50mp-adapter-noir-67414352.html,jumia_ma,2026-04-24T14:51:19.131349
Samsung Galaxy A36 5G - 6.7'' - (8GB - 256 GB)  -50MP+12MP+5MP+/32MP -Noir+ Adapteur Rapide 25W Inclus,samsung,Unknown,3590.0,Dhs,4690.0,23%,4,1,https://www.jumia.ma/samsung-galaxy-a36-5g-6.7-8gb-256-gb-50mp12mp5mp32mp-noir-adapteur-rapide-25w-inclus-66902182.html,jumia_ma,2026-04-24T14:51:19.132037
Samsung Smartphone Galaxy A16 4G Dual Sim 8GB  - 256 GB  50Mp- Black,samsung,Unknown,2198.0,Dhs,2599.0,15%,,,https://www.jumia.ma/samsung-smartphone-galaxy-a16-4g-dual-sim-8gb-256-gb-50mp-black-67068978.html,jumia_ma,2026-04-24T14:51:19.132572
"Samsung Smartphone Galaxy A07 - 6,7"" -Stockage 64 GB - 4Go RAM 50MP Garantie 1 an societe-Black",samsung,A07,1149.0,Dhs,1399.0,18%,,,https://www.jumia.ma/samsung-smartphone-galaxy-a07-67-stockage-64-gb-4go-ram-50mp-garantie-1-an-societe-black-67496364.html,jumia_ma,2026-04-24T14:51:19.133120
"Samsung Galaxy A36 - 6.7"" – 8GB + 256GB – Awesome Black",samsung,Unknown,4990.0,Dhs,,,,,https://www.jumia.ma/samsung-galaxy-a36-6.7-8gb-256gb-awesome-black-66392311.html,jumia_ma,2026-04-24T14:51:19.133571
"Samsung Galaxy A16 6.7"" 4G LTE (4GB RAM + 128GB ROM) - 50 Mpx -  Silver",samsung,Unknown,1550.0,Dhs,1890.0,18%,1,1,https://www.jumia.ma/samsung-galaxy-a16-6.7-4g-lte-4gb-ram-128gb-rom-50-mpx-silver-66419574.html,jumia_ma,2026-04-24T14:51:19.134232
"Samsung Galaxy A36 - 6.7"" – 8GB + 256GB – Awesome Lavender",samsung,Unknown,4990.0,Dhs,,,,,https://www.jumia.ma/samsung-galaxy-a36-6.7-8gb-256gb-awesome-lavender-66392776.html,jumia_ma,2026-04-24T14:51:19.134727
Samsung Galaxy A3 – 4G – 16 Go ROM – Android 4.4 – Or,samsung,Unknown,2749.0,Dhs,,,5,1,https://www.jumia.ma/galaxy-a3-4g-16-go-android-4.4-or-samsung-mpg1965.html,jumia_ma,2026-04-24T14:51:19.135225
"Samsung Galaxy A06 6.7"" 4G LTE (4GB RAM + 128 GB ROM) capteur d’empreinte  - 50 Mpx+Adapteur - NOIR",samsung,A06,1290.0,Dhs,1490.0,13%,,,https://www.jumia.ma/samsung-galaxy-a06-6.7-4g-lte-4gb-ram-128-gb-rom-capteur-dempreinte-50-mpxadapteur-noir-66358834.html,jumia_ma,2026-04-24T14:51:19.135713
Samsung Galaxy S26 Ultra – 12GB RAM / 512GB - Mauve / Cobalt Violet - Reconditionné,samsung,Unknown,12875.0,Dhs,13375.0,4%,,,https://www.jumia.ma/samsung-galaxy-s26-ultra-12gb-ram-512gb-mauve-cobalt-violet-reconditionne-67763536.html,jumia_ma,2026-04-24T14:51:19.136174
Samsung Galaxy A17 4 Go + 128 Go – Bleu - 2 ans de garantie,samsung,Unknown,1799.0,Dhs,1929.0,7%,,,https://www.jumia.ma/samsung-galaxy-a17-4-go-128-go-bleu-2-ans-de-garantie-67237230.html,jumia_ma,2026-04-24T14:51:19.136706
"Samsung Galaxy A17 – Smartphone 4G – 8 Go RAM + 256 Go ROM – Écran Super AMOLED 6,5"" – Batterie 5000 mAh – Double SIM",samsung,Unknown,3139.0,Dhs,,,,,https://www.jumia.ma/samsung-galaxy-a17-smartphone-4g-8-go-ram-256-go-rom-ecran-super-amoled-65-batterie-5000-mah-double-sim-67284854.html,jumia_ma,2026-04-24T14:51:19.137145
Samsung Galaxy A07 4+128 Go noir,samsung,A07,1329.0,Dhs,1490.0,11%,,,https://www.jumia.ma/samsung-galaxy-a07-4128-go-noir-67378531.html,jumia_ma,2026-04-24T14:51:19.137686
Samsung Galaxy A07 4+128 Go Vert,samsung,A07,1329.0,Dhs,1499.0,11%,5,1,https://www.jumia.ma/samsung-galaxy-a07-4128-go-vert-67378537.html,jumia_ma,2026-04-24T14:51:19.138287
"Samsung A16 6.7"" (128 Go - 4 Go) Amoled 90Hz - Helio G99 - 5000mAh/25W - Light Green",samsung,Unknown,1449.0,Dhs,1899.0,24%,,,https://www.jumia.ma/samsung-a16-6.7-128-go-4-go-amoled-90hz-helio-g99-5000mah25w-light-green-67305186.html,jumia_ma,2026-04-24T14:51:19.138797
"Samsung Galaxy A17 6.7"" 4G (4GB RAM + 128 GB ROM) - 50 Mpx + Adapteur - BLEU",samsung,Unknown,1690.0,Dhs,1990.0,15%,,,https://www.jumia.ma/samsung-galaxy-a17-6.7-4g-4gb-ram-128-gb-rom-50-mpx-adapteur-bleu-67410386.html,jumia_ma,2026-04-24T14:51:19.139279
"Samsung Galaxy S22 Pink 6.1"" 8Go 256Go Dual Sim - Reconditionné",samsung,S22,3499.0,Dhs,6299.0,44%,2,1,https://www.jumia.ma/samsung-galaxy-s22-pink-6.1-8go-256go-dual-sim-reconditionne-65966085.html,jumia_ma,2026-04-24T14:51:19.139905
"Samsung Galaxy S25+ Silver Shadow 6.7""",samsung,S25+,18606.0,Dhs,,,,,https://www.jumia.ma/samsung-galaxy-s25-silver-shadow-6.7-66091831.html,jumia_ma,2026-04-24T14:51:19.140315
Samsung Galaxy S24FE - 8GB + 256GB – Graphite,samsung,S24,7999.0,Dhs,,,5,1,https://www.jumia.ma/samsung-galaxy-s24fe-8gb-256gb-graphite-65760371.html,jumia_ma,2026-04-24T14:51:19.140850
"Samsung Galaxy A26 5G  6.7"" (8GB RAM + 256GB ROM) - 50 Mpx +Blanc-Chargeur Rapide 25W Inclus",samsung,Unknown,2780.0,Dhs,3030.0,8%,,,https://www.jumia.ma/samsung-galaxy-a26-5g-6.7-8gb-ram-256gb-rom-50-mpx-blanc-chargeur-rapide-25w-inclus-67624572.html,jumia_ma,2026-04-24T14:51:19.141309
Apple iPhone 17 Pro 256GB - Argent - Smartphone 5G-LTE IP68 - A19 Pro Hexa-Core - Écran Super Retina XDR OLED 6.3 pouces 1206 x 2622 - NFC/Bluetooth 6 - iOS 26 Neuf,apple,Unknown,15200.0,Dhs,16999.0,11%,5,1,https://www.jumia.ma/apple-iphone-17-pro-256gb-argent-smartphone-5g-lte-ip68-a19-pro-hexa-core-ecran-super-retina-xdr-oled-6.3-pouces-1206-x-2622-nfcbluetooth-6-ios-26-neuf-67400505.html,jumia_ma,2026-04-24T14:51:22.989939
"Apple iPhone 12 Pro 256Go , 6Gb RAM  Reconditionné  Garantie 6 mois, graphite bleu",apple,Unknown,13999.0,Dhs,,,,,https://www.jumia.ma/apple-iphone-12-pro-256go-6gb-ram-reconditionne-garantie-6-mois-graphite-bleu-65183605.html,jumia_ma,2026-04-24T14:51:22.990595
"Apple iPhone 15 Pro Max – 6.7"" – 256 Go – Black – Écran OLED – 8 Go RAM – Remis à neuf",apple,Iphone 15 Pro Max,9399.0,Dhs,14899.0,37%,,,https://www.jumia.ma/apple-iphone-15-pro-max-6.7-256-go-black-ecran-oled-8-go-ram-remis-a-neuf-65175219.html,jumia_ma,2026-04-24T14:51:22.991363
"Apple iPhone 17 Pro Max 512 Go 6,9"" 12 Go RAM Puce A19 Pro Bleu Intense iOS",apple,Unknown,19175.0,Dhs,25499.0,25%,,,https://www.jumia.ma/apple-iphone-17-pro-max-512-go-69-12-go-ram-puce-a19-pro-bleu-intense-ios-67246848.html,jumia_ma,2026-04-24T14:51:22.992062
Apple iPhone 15 Pro -  6.1-inch - 256 Go - 8 Go - A17 Pro - Titane Bleu -  Reconditionné,apple,Iphone 15 Pro,7975.0,Dhs,9175.0,13%,,,https://www.jumia.ma/apple-iphone-15-pro-6.1-inch-256-go-8-go-a17-pro-titane-bleu-reconditionne-67705938.html,jumia_ma,2026-04-24T14:51:22.992561
"Apple iPhone 17 Pro 512 Go 6,3"" 12 Go RAM Puce A19 Pro Orange Cosmique iOS",apple,Unknown,16975.0,Dhs,23499.0,28%,,,https://www.jumia.ma/apple-iphone-17-pro-512-go-63-12-go-ram-puce-a19-pro-orange-cosmique-ios-67236507.html,jumia_ma,2026-04-24T14:51:22.993020
"Apple iPhone 16 – 6,1"" – 128 Go – 8 Go RAM – Sarcelle",apple,Iphone 16,8975.0,Dhs,11999.0,25%,,,https://www.jumia.ma/apple-iphone-16-61-128-go-8-go-ram-sarcelle-65767707.html,jumia_ma,2026-04-24T14:51:22.993503
Apple iPhone 16 Plus - 128 GB - vert sarcelle - 6.7-inch - Remis à Neuf,apple,Iphone 16 Plus,7250.0,Dhs,8975.0,19%,,,https://www.jumia.ma/apple-iphone-16-plus-128-gb-vert-sarcelle-6.7-inch-remis-a-neuf-67763209.html,jumia_ma,2026-04-24T14:51:22.994479
"Apple iPhone 16 – 6,1"" – 128 Go – 8 Go RAM – Blanc",apple,Iphone 16,8975.0,Dhs,11999.0,25%,,,https://www.jumia.ma/apple-iphone-16-61-128-go-8-go-ram-blanc-65767721.html,jumia_ma,2026-04-24T14:51:22.999289
"Apple iPhone Air 256 Go 6,5"" 12 Go RAM Puce A19 Pro eSIM Noir Sidéral Titane iOS",apple,Unknown,10675.0,Dhs,14999.0,29%,5,1,https://www.jumia.ma/apple-iphone-air-256-go-65-12-go-ram-puce-a19-pro-esim-noir-sideral-titane-ios-67365634.html,jumia_ma,2026-04-24T14:51:23.001141
"Apple iPhone 17 256 Go 8 Go RAM 6,3"" Puce A19 Noir iOS 48 Mpx",apple,Unknown,10175.0,Dhs,11999.0,15%,,,https://www.jumia.ma/apple-iphone-17-256-go-8-go-ram-63-puce-a19-noir-ios-48-mpx-67559404.html,jumia_ma,2026-04-24T14:51:23.003438
Apple iPhone 16 Pro Max 512 Go Desert Titanium eSIM Neuf,apple,Iphone 16 Pro Max,12499.0,Dhs,13199.0,5%,,,https://www.jumia.ma/apple-iphone-16-pro-max-512-go-desert-titanium-esim-neuf-67755703.html,jumia_ma,2026-04-24T14:51:23.004316
"Apple iPhone 14 Plus Noir (128 Go, 6 Go Ram) Midnight 6,7"" A15 IOS Reconditionné",apple,A15,5499.0,Dhs,7199.0,24%,,,https://www.jumia.ma/apple-iphone-14-plus-noir-128-go-6-go-ram-midnight-67-a15-ios-reconditionne-65321869.html,jumia_ma,2026-04-24T14:51:23.005469
"Apple iPhone 17 Pro 512 Go 6,3"" 12 Go RAM Puce A19 Pro Argent iOS",apple,Unknown,16975.0,Dhs,23499.0,28%,,,https://www.jumia.ma/apple-iphone-17-pro-512-go-63-12-go-ram-puce-a19-pro-argent-ios-67246856.html,jumia_ma,2026-04-24T14:51:23.006383
"Apple iPhone 16 Plus – 6,7"" – 128 Go – 8 Go RAM – Rose",apple,Iphone 16 Plus,10975.0,Dhs,12999.0,16%,5,1,https://www.jumia.ma/apple-iphone-16-plus-67-128-go-8-go-ram-rose-65780011.html,jumia_ma,2026-04-24T14:51:23.007485
Apple iPhone Air - 256 Go - Or clair - 6.5 pouces - iOS 26 - Neuf,apple,Unknown,11355.0,Dhs,13499.0,16%,,,https://www.jumia.ma/apple-iphone-air-256-go-or-clair-6.5-pouces-ios-26-neuf-67434781.html,jumia_ma,2026-04-24T14:51:23.008233
Apple iPhone 16 Pro Max - 6.9-inch - 8GB RAM 256GB - Titane Naturel - Remis à Neuf,apple,Iphone 16 Pro Max,10800.0,Dhs,13700.0,21%,,,https://www.jumia.ma/apple-iphone-16-pro-max-6.9-inch-8gb-ram-256gb-titane-naturel-remis-a-neuf-67058219.html,jumia_ma,2026-04-24T14:51:23.008770
"Apple iPhone 17 256 Go 8 Go RAM 6,3"" Puce A19 Couleur Brume iOS 48 Mpx",apple,Unknown,10175.0,Dhs,11999.0,15%,,,https://www.jumia.ma/apple-iphone-17-256-go-8-go-ram-63-puce-a19-couleur-brume-ios-48-mpx-67559446.html,jumia_ma,2026-04-24T14:51:23.009242
"Apple iPhone 17 256 Go 8 Go RAM 6,3"" Puce A19 Couleur Sauge iOS 48 Mpx",apple,Unknown,10975.0,Dhs,11999.0,9%,,,https://www.jumia.ma/apple-iphone-17-256-go-8-go-ram-63-puce-a19-couleur-sauge-ios-48-mpx-67559459.html,jumia_ma,2026-04-24T14:51:23.009812
Apple iPhone Air 256 GB Noir sidéral 5G-LTE IP68 - A19 Pro Hexa-Core - Écran Super Retina XDR OLED 6.5-inch 2736 x 1260 - Wi-Fi 7/Bluetooth 6/NFC - iOS 26 Neuf,apple,Unknown,10700.0,Dhs,14599.0,27%,,,https://www.jumia.ma/apple-iphone-air-256-gb-noir-sideral-5g-lte-ip68-a19-pro-hexa-core-ecran-super-retina-xdr-oled-6.5-inch-2736-x-1260-wi-fi-7bluetooth-6nfc-ios-26-neuf-67425157.html,jumia_ma,2026-04-24T14:51:23.010434
"Apple iPhone 7 CPO Reconditionné Premium- 4.7"" - 32 GB - 2Go - IOS 10 – 12MP - Silver",apple,Unknown,5349.0,Dhs,,,,,https://www.jumia.ma/iphone-7-cpo-reconditionne-premium-4.7-32-gb-2go-ios-10-12mp-silver-apple-mpg51891.html,jumia_ma,2026-04-24T14:51:23.011424
Apple iPhone 16e 128 Go Blanc 8 Go RAM 48 Mpx 6.1 Puce A18 iOS Bouton Action 5G,apple,Iphone 16,6475.0,Dhs,8999.0,28%,,,https://www.jumia.ma/apple-iphone-16e-128-go-blanc-8-go-ram-48-mpx-6.1-puce-a18-ios-bouton-action-5g-66560996.html,jumia_ma,2026-04-24T14:51:23.024021
Apple iPhone 16 Pro Max - 1TB - Desert Titanium - eSIM - Neuf,apple,Iphone 16 Pro Max,13499.0,Dhs,14999.0,10%,,,https://www.jumia.ma/apple-iphone-16-pro-max-1tb-desert-titanium-esim-neuf-67762295.html,jumia_ma,2026-04-24T14:51:23.024591
"Apple iPhone 16 - 6,1"" - 128GB + 6 Go RAM -  Noir",apple,Iphone 16,8599.0,Dhs,11999.0,28%,,,https://www.jumia.ma/apple-iphone-16-61-128gb-6-go-ram-noir-65807960.html,jumia_ma,2026-04-24T14:51:23.025070
"Apple iPhone 17 256 Go 8 Go RAM 6,3"" Puce A19 Couleur Lavande iOS 48 Mpx",apple,Unknown,10175.0,Dhs,11999.0,15%,,,https://www.jumia.ma/apple-iphone-17-256-go-8-go-ram-63-puce-a19-couleur-lavande-ios-48-mpx-67559474.html,jumia_ma,2026-04-24T14:51:23.025608
Apple iPhone 17 Pro 512GB - Argent - Smartphone 5G-LTE IP68 - A19 Pro Hexa-Core - Écran Super Retina XDR OLED 6.3 pouces 1206 x 2622 - NFC/Bluetooth 6 - iOS 26 Neuf,apple,Unknown,16549.0,Dhs,18899.0,12%,,,https://www.jumia.ma/apple-iphone-17-pro-512gb-argent-smartphone-5g-lte-ip68-a19-pro-hexa-core-ecran-super-retina-xdr-oled-6.3-pouces-1206-x-2622-nfcbluetooth-6-ios-26-neuf-67405498.html,jumia_ma,2026-04-24T14:51:23.026098
"Apple iPhone 17 Pro 512 Go 6,3"" 12 Go RAM Puce A19 Pro Bleu Intense iOS",apple,Unknown,16975.0,Dhs,23499.0,28%,,,https://www.jumia.ma/apple-iphone-17-pro-512-go-63-12-go-ram-puce-a19-pro-bleu-intense-ios-67246855.html,jumia_ma,2026-04-24T14:51:23.026615
Apple iPhone Air - 512 Go - Or clair - 6.5 pouces - iOS 26 Neuf,apple,Unknown,13099.0,Dhs,16499.0,21%,,,https://www.jumia.ma/apple-iphone-air-512-go-or-clair-6.5-pouces-ios-26-neuf-67434789.html,jumia_ma,2026-04-24T14:51:23.027208
"Apple iPhone 16 Plus – 6,7"" – 128 Go – 8 Go RAM – Outremer",apple,Iphone 16 Plus,10875.0,Dhs,12999.0,16%,,,https://www.jumia.ma/apple-iphone-16-plus-67-128-go-8-go-ram-outremer-65779984.html,jumia_ma,2026-04-24T14:51:23.028400
Apple iPhone 16 Plus 256 GB Bleu A18 Hexa-Core 6.7-inch Neuf,apple,Iphone 16 Plus,10700.0,Dhs,14399.0,26%,,,https://www.jumia.ma/apple-iphone-16-plus-256-gb-bleu-a18-hexa-core-6.7-inch-neuf-67513695.html,jumia_ma,2026-04-24T14:51:23.032417
"Apple iPhone 17 256 Go 8 Go RAM 6,3"" Puce A19 Blanc iOS 48 Mpx",apple,Unknown,10975.0,Dhs,11999.0,9%,,,https://www.jumia.ma/apple-iphone-17-256-go-8-go-ram-63-puce-a19-blanc-ios-48-mpx-67559434.html,jumia_ma,2026-04-24T14:51:23.033386
"Apple iPhone Air 256 Go 6,5"" 12 Go RAM Puce A19 Pro eSIM Bleu Ciel Titane iOS",apple,Unknown,11575.0,Dhs,14999.0,23%,,,https://www.jumia.ma/apple-iphone-air-256-go-65-12-go-ram-puce-a19-pro-esim-bleu-ciel-titane-ios-67365562.html,jumia_ma,2026-04-24T14:51:23.033950
"Apple iPhone 16 Plus – 6,7"" – 128 Go – 8 Go RAM – Noir",apple,Iphone 16 Plus,10875.0,Dhs,12999.0,16%,,,https://www.jumia.ma/apple-iphone-16-plus-67-128-go-8-go-ram-noir-65779997.html,jumia_ma,2026-04-24T14:51:23.034511
Apple iPhone 15 256GB Noir New,apple,Iphone 15,9800.0,Dhs,11699.0,16%,4,1,https://www.jumia.ma/apple-iphone-15-256gb-noir-new-65679839.html,jumia_ma,2026-04-24T14:51:23.035081
Apple iPhone Air - 6.5-inch - 256 Go - Blanc Nuage - iOS 26 - Neuf,apple,Unknown,11355.0,Dhs,13499.0,16%,,,https://www.jumia.ma/apple-iphone-air-6.5-inch-256-go-blanc-nuage-ios-26-neuf-67434728.html,jumia_ma,2026-04-24T14:51:23.036147
"Apple iPhone Air 256 Go 6,5 12 Go RAM Puce A19 Pro eSIM Or Clair Titane iOS",apple,Unknown,11275.0,Dhs,14999.0,25%,,,https://www.jumia.ma/apple-iphone-air-256-go-65-12-go-ram-puce-a19-pro-esim-or-clair-titane-ios-67365653.html,jumia_ma,2026-04-24T14:51:23.036656
"Apple iPhone Air 256 Go 6,5"" 12 Go RAM Puce A19 Pro eSIM Blanc Nuage Titane iOS",apple,Unknown,11275.0,Dhs,14999.0,25%,,,https://www.jumia.ma/apple-iphone-air-256-go-65-12-go-ram-puce-a19-pro-esim-blanc-nuage-titane-ios-67365662.html,jumia_ma,2026-04-24T14:51:23.037792
"Apple iPhone 15 Plus 128 Go Ecran 6.7"" Black Dynamic Island - 6 Go RAM – Reconditionné",apple,Iphone 15 Plus,6875.0,Dhs,10099.0,32%,5,1,https://www.jumia.ma/apple-iphone-15-plus-128-go-ecran-6.7-black-dynamic-island-6-go-ram-reconditionne-64684859.html,jumia_ma,2026-04-24T14:51:23.038825
Apple iPhone Air 512 GB Noir sidéral 5G-LTE IP68 - A19 Pro Hexa-Core - Écran Super Retina XDR OLED 6.5-inch 2736 x 1260 - Wi-Fi 7/Bluetooth 6/NFC - iOS 26 Neuf,apple,Unknown,13099.0,Dhs,16799.0,22%,,,https://www.jumia.ma/apple-iphone-air-512-gb-noir-sideral-5g-lte-ip68-a19-pro-hexa-core-ecran-super-retina-xdr-oled-6.5-inch-2736-x-1260-wi-fi-7bluetooth-6nfc-ios-26-neuf-67425184.html,jumia_ma,2026-04-24T14:51:23.039458
"Apple iPhone 16 Plus – 6,7"" – 128 Go – 8 Go RAM – Blanc",apple,Iphone 16 Plus,10875.0,Dhs,12999.0,16%,,,https://www.jumia.ma/apple-iphone-16-plus-67-128-go-8-go-ram-blanc-65780005.html,jumia_ma,2026-04-24T14:51:23.040027
Samsung Galaxy S25 FE - 8 Go / 256 Go - ICY BLUE - Neuf,samsung,S25,6899.0,Dhs,7899.0,13%,,,https://www.jumia.ma/samsung-galaxy-s25-fe-8-go-256-go-icy-blue-neuf-67756685.html,jumia_ma,2026-04-24T14:51:25.538641
"Samsung A07 Noir – 4 Go RAM, 64 Go Stockage Écran AMOLED 6.7"" Caméra 50 MP Batterie 5000 mAh",samsung,A07,1755.0,Dhs,,,,,https://www.jumia.ma/samsung-a07-noir-4-go-ram-64-go-stockage-ecran-amoled-6.7-camera-50-mp-batterie-5000-mah-67308474.html,jumia_ma,2026-04-24T14:51:25.539354
Samsung Galaxy S23 Ultra 12 Go Ram + 256 Go Rom - Phantom Black,samsung,S23 Ultra,11119.0,Dhs,12649.0,12%,,,https://www.jumia.ma/samsung-galaxy-s23-ultra-12-go-ram-256-go-rom-phantom-black-64723530.html,jumia_ma,2026-04-24T14:51:25.540199
Samsung Galaxy S24 Noir 8 GB RAM  128 GB Ecran Dynamic AMOLED 2X 120Hz 6.2-inch -  Reconditionné,samsung,S24,5299.0,Dhs,7499.0,29%,,,https://www.jumia.ma/samsung-galaxy-s24-noir-8-gb-ram-128-gb-ecran-dynamic-amoled-2x-120hz-6.2-inch-reconditionne-67163727.html,jumia_ma,2026-04-24T14:51:25.540725
"Samsung Galaxy A17 6.7"" 4G (8GB RAM + 256 GB ROM) - 50 Mpx + Adapteur - Noir",samsung,Unknown,2290.0,Dhs,2490.0,8%,,,https://www.jumia.ma/samsung-galaxy-a17-6.7-4g-8gb-ram-256-gb-rom-50-mpx-adapteur-noir-67624497.html,jumia_ma,2026-04-24T14:51:25.541212
"Samsung Galaxy A17 – Smartphone 4G – 4 Go RAM + 128 Go ROM – Écran Super AMOLED 6,5"" – Batterie 5000 mAh – Double SIM+ chargeur gratuit",samsung,Unknown,2349.0,Dhs,,,,,https://www.jumia.ma/samsung-galaxy-a17-smartphone-4g-4-go-ram-128-go-rom-ecran-super-amoled-65-batterie-5000-mah-double-sim-chargeur-gratuit-67284751.html,jumia_ma,2026-04-24T14:51:25.541625
"Samsung Galaxy A17 – Smartphone 4G – 4 Go RAM + 128 Go ROM – Écran Super AMOLED 6,5"" – Batterie 5000 mAh – Double SIM-- incassable et chargeur et les écouteurs sans fils sont gratuits",samsung,Unknown,2655.0,Dhs,,,,,https://www.jumia.ma/samsung-galaxy-a17-smartphone-4g-4-go-ram-128-go-rom-ecran-super-amoled-65-batterie-5000-mah-double-sim-incassable-et-chargeur-et-les-ecouteurs-sans-fils-sont-gratuits-67284924.html,jumia_ma,2026-04-24T14:51:25.542284
"Samsung A26 5G – Smartphone 5G – 8 Go RAM + 256 Go ROM – Écran 6.5"" FHD+ 120Hz – Noir – Double SIM + les écouteurs sans fils, l'incassable, Adaptateur gratuits",samsung,Unknown,3099.0,Dhs,,,,,https://www.jumia.ma/samsung-a26-5g-smartphone-5g-8-go-ram-256-go-rom-ecran-6.5-fhd-120hz-noir-double-sim-les-ecouteurs-sans-fils-lincassable-adaptateur-gratuits-67407997.html,jumia_ma,2026-04-24T14:51:25.549439
"Samsung Galaxy A07 – 6.7"" – 64 Go – 4 Go RAM – Helio G99 – 5000 mAh/25W – 50MP – Vert",samsung,A07,1122.0,Dhs,1199.0,6%,,,https://www.jumia.ma/samsung-galaxy-a07-6.7-64-go-4-go-ram-helio-g99-5000-mah25w-50mp-vert-67417182.html,jumia_ma,2026-04-24T14:51:25.550323
Samsung Galaxy A56 5G - 6.7''-(8GB - 256GB)-50MP+12MP+5MP+/32MP- Vert Sauge +Chargeur Secteur Rapide 25W Inclus,samsung,Unknown,4619.0,Dhs,5590.0,17%,5,1,https://www.jumia.ma/samsung-galaxy-a56-5g-6.7-8gb-256gb-50mp12mp5mp32mp-vert-sauge-chargeur-secteur-rapide-25w-inclus-66901643.html,jumia_ma,2026-04-24T14:51:25.551164
"Samsung A17 6.7"" (128 Go - 4 Go) Amoled 90Hz - Helio G99 - 5000mAh/25W - Black",samsung,Unknown,1899.0,Dhs,2099.0,10%,5,1,https://www.jumia.ma/samsung-a17-6.7-128-go-4-go-amoled-90hz-helio-g99-5000mah25w-black-67248126.html,jumia_ma,2026-04-24T14:51:25.552048
"Samsung Galaxy A17 6.7"" 4G (4GB RAM + 128 GB ROM) - 50 Mpx + Adapteur - NOIR",samsung,Unknown,1790.0,Dhs,1990.0,10%,,,https://www.jumia.ma/samsung-galaxy-a17-6.7-4g-4gb-ram-128-gb-rom-50-mpx-adapteur-noir-67410394.html,jumia_ma,2026-04-24T14:51:25.552777
"Samsung GALAXY A16 128- 4 GB - 6.7""  black",samsung,Unknown,1449.0,Dhs,1499.0,3%,,,https://www.jumia.ma/samsung-galaxy-a16-128-4-gb-6.7-black-67653756.html,jumia_ma,2026-04-24T14:51:25.553412
"Samsung A06 – 6.7"" – 64 Go – 4 Go RAM – Helio G85 – 5000 mAh/25W – 50MP – Black",samsung,A06,999.0,Dhs,1299.0,23%,4.1,15,https://www.jumia.ma/samsung-a06-6.7-64-go-4-go-ram-helio-g85-5000-mah25w-50mp-black-65723703.html,jumia_ma,2026-04-24T14:51:25.554226
"Samsung Galaxy A04s - 6.5""- 128 Go - 4 Go RAM - Copper",samsung,Unknown,1400.0,Dhs,1700.0,18%,,,https://www.jumia.ma/samsung-galaxy-a04s-6.5-128-go-4-go-ram-copper-67716757.html,jumia_ma,2026-04-24T14:51:25.555040
"Samsung Galaxy A14 – 6,6"" – 128 Go – 4 Go RAM – Noir",samsung,Unknown,1700.0,Dhs,,,,,https://www.jumia.ma/samsung-galaxy-a14-66-128-go-4-go-ram-noir-64727942.html,jumia_ma,2026-04-24T14:51:25.556775
"Samsung Galaxy A35 - 6.6"" - 8GB RAM + 256GB ROM - Jaune",samsung,A35,4999.0,Dhs,,,,,https://www.jumia.ma/samsung-galaxy-a35-6.6-8gb-ram-256gb-rom-jaune-64939178.html,jumia_ma,2026-04-24T14:51:25.557575
"Samsung A17 6.7"" (128 Go - 4 Go) Amoled 90Hz - Helio G99 - 5000mAh/25W - Bleu Clair",samsung,Unknown,2099.0,Dhs,,,,,https://www.jumia.ma/samsung-a17-6.7-128-go-4-go-amoled-90hz-helio-g99-5000mah25w-bleu-clair-67248116.html,jumia_ma,2026-04-24T14:51:25.558258
"Samsung Galaxy A26 - 6.7"" – 8GB + 128GB – Peach Pink",samsung,Unknown,3749.0,Dhs,,,,,https://www.jumia.ma/samsung-galaxy-a26-6.7-8gb-128gb-peach-pink-66392440.html,jumia_ma,2026-04-24T14:51:25.559104
"Samsung Galaxy A36 5G – 8 Go RAM, 256 Go ROM – Écran 6.5"" FHD+ – Awesome Black – Double SIM+ les écouteurs sans fils  gratuits",samsung,Unknown,3869.0,Dhs,,,,,https://www.jumia.ma/samsung-galaxy-a36-5g-8-go-ram-256-go-rom-ecran-6.5-fhd-awesome-black-double-sim-les-ecouteurs-sans-fils-gratuits-67329578.html,jumia_ma,2026-04-24T14:51:25.560374
Samsung Galaxy S25 Edge - 12 GB  256 GB - Titanium Jetblack -  Reconditionné,samsung,S25,6650.0,Dhs,8975.0,26%,,,https://www.jumia.ma/samsung-galaxy-s25-edge-12-gb-256-gb-titanium-jetblack-reconditionne-67640535.html,jumia_ma,2026-04-24T14:51:25.561228
"Samsung Galaxy S25 - 6,2"" - 512 Go - 12 Go Ram - Icyblue",samsung,S25,12990.0,Dhs,,,,,https://www.jumia.ma/samsung-galaxy-s25-62-512-go-12-go-ram-icyblue-66067193.html,jumia_ma,2026-04-24T14:51:25.561890
"Samsung Galaxy A07 – Smartphone 4G – 4 Go RAM + 64 Go ROM – Écran 6.7"" HD+ – Batterie 5000 mAh – Double SIM – Noir+ chargeur gratuit",samsung,A07,1629.0,Dhs,,,,,https://www.jumia.ma/samsung-galaxy-a07-smartphone-4g-4-go-ram-64-go-rom-ecran-6.7-hd-batterie-5000-mah-double-sim-noir-chargeur-gratuit-67309723.html,jumia_ma,2026-04-24T14:51:25.562496
Samsung GALAXY S24 ULTRA TITANIUM YELLOW 12+256GB,samsung,S24 Ultra,12500.0,Dhs,,,,,https://www.jumia.ma/samsung-galaxy-s24-ultra-titanium-yellow-12256gb-67652755.html,jumia_ma,2026-04-24T14:51:25.563233
"Samsung Galaxy A55 - 6,6"" - 8GB RAM + 256GB ROM -  Blanc",samsung,A55,5749.0,Dhs,,,,,https://www.jumia.ma/samsung-galaxy-a55-66-8gb-ram-256gb-rom-blanc-64936788.html,jumia_ma,2026-04-24T14:51:25.563923
Samsung GALAXY A57 256+8 (5G),samsung,Unknown,5349.0,Dhs,,,,,https://www.jumia.ma/samsung-galaxy-a57-2568-5g-67756912.html,jumia_ma,2026-04-24T14:51:25.564555
"Samsung Galaxy A05s – Smartphone 4G – 4 Go RAM + 128 Go ROM – Écran 6,7"" FHD+ – Batterie 5000 mAh – Double SIM – Noir+ incassable + adaptateur+les écouteurs sans fils cadeaux",samsung,A05,1710.0,Dhs,,,,,https://www.jumia.ma/samsung-galaxy-a05s-smartphone-4g-4-go-ram-128-go-rom-ecran-67-fhd-batterie-5000-mah-double-sim-noir-incassable-adaptateurles-ecouteurs-sans-fils-cadeaux-67334947.html,jumia_ma,2026-04-24T14:51:25.565137
"Samsung Galaxy A26 5G  6.7"" (8GB RAM + 256GB ROM) - 50 Mpx +Blanc-Chargeur Rapide 25W Inclus",samsung,Unknown,2780.0,Dhs,3590.0,23%,,,https://www.jumia.ma/samsung-galaxy-a26-5g-6.7-8gb-ram-256gb-rom-50-mpx-blanc-chargeur-rapide-25w-inclus-67057777.html,jumia_ma,2026-04-24T14:51:25.565863
"Samsung Galaxy A07 - 6,7"" - 128 Go + 6 Go Ram  - violet - 2 ans de garantie",samsung,A07,1399.0,Dhs,1679.0,17%,5,3,https://www.jumia.ma/samsung-galaxy-a07-67-128-go-6-go-ram-violet-2-ans-de-garantie-67313885.html,jumia_ma,2026-04-24T14:51:25.566657
"Samsung Galaxy A17 – Smartphone 4G – 4 Go RAM + 128 Go ROM – Écran Super AMOLED 6,5"" – Batterie 5000 mAh – Double SIM – Couleur : Noir",samsung,Unknown,2529.0,Dhs,,,,,https://www.jumia.ma/samsung-galaxy-a17-smartphone-4g-4-go-ram-128-go-rom-ecran-super-amoled-65-batterie-5000-mah-double-sim-couleur-noir-67281591.html,jumia_ma,2026-04-24T14:51:25.567226
"Samsung Galaxy A05 – Smartphone 4G – 4 Go RAM + 128 Go ROM – Écran 6,7"" HD+ – Black – Double SIM+ chargeur gratuit",samsung,A05,1250.0,Dhs,,,,,https://www.jumia.ma/samsung-galaxy-a05-smartphone-4g-4-go-ram-128-go-rom-ecran-67-hd-black-double-sim-chargeur-gratuit-67333229.html,jumia_ma,2026-04-24T14:51:25.567883
Samsung Galaxy A56 5G - 6.7''-(8GB - 256GB)-50MP+12MP+5MP+/32MP- Gris + Chargeur 25 W,samsung,Unknown,4390.0,Dhs,5590.0,21%,3,1,https://www.jumia.ma/samsung-galaxy-a56-5g-6.7-8gb-256gb-50mp12mp5mp32mp-gris-chargeur-25-w-66901668.html,jumia_ma,2026-04-24T14:51:25.568780
"Samsung Galaxy A16 6.7"" 4G LTE (4GB RAM + 128GB ROM) - 50 Mpx + Adapter - GRIS",samsung,Unknown,1680.0,Dhs,1890.0,11%,5,1,https://www.jumia.ma/samsung-galaxy-a16-6.7-4g-lte-4gb-ram-128gb-rom-50-mpx-adapter-gris-66419579.html,jumia_ma,2026-04-24T14:51:25.569593
"Samsung Galaxy A56 - 6.7"" – 8GB + 128GB – Awesome Pink",samsung,Unknown,5490.0,Dhs,,,,,https://www.jumia.ma/samsung-galaxy-a56-6.7-8gb-128gb-awesome-pink-66392394.html,jumia_ma,2026-04-24T14:51:25.570212
Samsung Galaxy S23 Plus / Vert / RAM 8GB / ROM 256GB / Reconditionné,samsung,S23,4800.0,Dhs,7699.0,38%,,,https://www.jumia.ma/samsung-galaxy-s23-plus-vert-ram-8gb-rom-256gb-reconditionne-67741999.html,jumia_ma,2026-04-24T14:51:25.571059
"Samsung  Galaxy A06 – 6,6"" HD – 6 Go RAM + 128 Go ROM – Noir – Double SIM+ les écouteurs sans fils gratuit",samsung,A06,1672.0,Dhs,,,,,https://www.jumia.ma/samsung-galaxy-a06-66-hd-6-go-ram-128-go-rom-noir-double-sim-les-ecouteurs-sans-fils-gratuit-67209173.html,jumia_ma,2026-04-24T14:51:25.571999
Samsung Galaxy S24FE - 8GB + 256GB – Gray,samsung,S24,7999.0,Dhs,,,5,1,https://www.jumia.ma/samsung-galaxy-s24fe-8gb-256gb-gray-65760373.html,jumia_ma,2026-04-24T14:51:25.572767
"Samsung Galaxy S26 Ultra – 6,9"" – 16GB RAM + 1 TB ROM – Cobalt Violet",samsung,Unknown,17599.0,Dhs,18990.0,7%,,,https://www.jumia.ma/samsung-galaxy-s26-ultra-69-16gb-ram-1-tb-rom-cobalt-violet-67758540.html,jumia_ma,2026-04-24T14:51:25.573489
"Samsung Galaxy A17 – Smartphone 4G – 4 Go RAM + 128 Go ROM – Écran Super AMOLED 6,5"" – Batterie 5000 mAh – Double SIM",samsung,Unknown,2555.0,Dhs,,,,,https://www.jumia.ma/samsung-galaxy-a17-smartphone-4g-4-go-ram-128-go-rom-ecran-super-amoled-65-batterie-5000-mah-double-sim-67284755.html,jumia_ma,2026-04-24T14:51:25.574118
Samsung Galaxy S23 Ultra 12 Go Ram + 256 Go Rom - Lavender,samsung,S23 Ultra,12249.0,Dhs,12549.0,2%,,,https://www.jumia.ma/samsung-galaxy-s23-ultra-12-go-ram-256-go-rom-lavender-64723529.html,jumia_ma,2026-04-24T14:51:25.574797
Apple iPhone Air - 512 Go - 6.5-inch - Blanc Nuage - Neuf,apple,Unknown,13099.0,Dhs,16599.0,21%,,,https://www.jumia.ma/apple-iphone-air-512-go-6.5-inch-blanc-nuage-neuf-67434743.html,jumia_ma,2026-04-24T14:51:28.665135
"Apple iPhone 12 Pro Max 256Go , 6Gb RAM  Reconditionné  Garantie 6 mois, Graphite",apple,Unknown,13999.0,Dhs,,,,,https://www.jumia.ma/apple-iphone-12-pro-max-256go-6gb-ram-reconditionne-garantie-6-mois-graphite-59939270.html,jumia_ma,2026-04-24T14:51:28.665610
Samsung Galaxy A26 5G – 256 Go ROM – 8 Go RAM – White – Double SIM,samsung,Unknown,2899.0,Dhs,,,,,https://www.jumia.ma/samsung-galaxy-a26-5g-256-go-rom-8-go-ram-white-double-sim-67766884.html,jumia_ma,2026-04-24T14:51:32.292590
"Samsung Galaxy Z Fold 4 - 7.6"" - 256 Go - 12 Go RAM - Phantom Black",samsung,Unknown,14900.0,Dhs,19000.0,22%,,,https://www.jumia.ma/samsung-galaxy-z-fold-4-7.6-256-go-12-go-ram-phantom-black-61902097.html,jumia_ma,2026-04-24T14:51:32.293371
"Samsung Galaxy A56 - 6.7"" – 8GB + 256GB – Awesome Pink",samsung,Unknown,5749.0,Dhs,,,,,https://www.jumia.ma/samsung-galaxy-a56-6.7-8gb-256gb-awesome-pink-66392779.html,jumia_ma,2026-04-24T14:51:32.294072
"Samsung Z FLIP 6 - 6.7"" - 12 GB + 256 GB + Free Flipsuit case + Single wireless charger + Powerbank - Mint",samsung,Z Flip 6,14490.0,Dhs,,,,,https://www.jumia.ma/samsung-z-flip-6-6.7-12-gb-256-gb-free-flipsuit-case-single-wireless-charger-powerbank-mint-65379268.html,jumia_ma,2026-04-24T14:51:32.294699
Samsung Galaxy A56 5G - 6.7''-(8GB - 256GB)-50MP+12MP+5MP+/32MP- ROSE  +Chargeur Secteur Rapide 25W,samsung,Unknown,4590.0,Dhs,5590.0,18%,,,https://www.jumia.ma/samsung-galaxy-a56-5g-6.7-8gb-256gb-50mp12mp5mp32mp-rose-chargeur-secteur-rapide-25w-66901649.html,jumia_ma,2026-04-24T14:51:32.295429
"Samsung A26 5G – Smartphone 5G – 8 Go RAM + 256 Go ROM – Écran 6.5"" FHD+ 120Hz – Noir – Double SIM+ les écouteurs sans fils ,l'incassable ,chargeur gratuits",samsung,Unknown,3399.0,Dhs,,,,,https://www.jumia.ma/samsung-a26-5g-smartphone-5g-8-go-ram-256-go-rom-ecran-6.5-fhd-120hz-noir-double-sim-les-ecouteurs-sans-fils-lincassable-chargeur-gratuits-67206533.html,jumia_ma,2026-04-24T14:51:32.296293
Samsung Galaxy S23 Plus 8Go Ram 256 Go Rom - Lavender,samsung,S23,9799.0,Dhs,10999.0,11%,,,https://www.jumia.ma/samsung-galaxy-s23-plus-8go-ram-256-go-rom-lavender-64721415.html,jumia_ma,2026-04-24T14:51:32.297014
"Samsung Galaxy A56 5G - 6.7"" (256 Go - 8 Go) Amoled 120 Hz - 5000mAh + Adaptateur 25W - Awesome Graphite",samsung,Unknown,5999.0,Dhs,,,,,https://www.jumia.ma/samsung-galaxy-a56-5g-6.7-256-go-8-go-amoled-120-hz-5000mah-adaptateur-25w-awesome-graphite-67502743.html,jumia_ma,2026-04-24T14:51:32.297612
Samsung Galaxy S24 - Noir - 8 GB RAM - 256 GB - 6.2-inch -  Reconditionné,samsung,S24,5250.0,Dhs,8499.0,38%,,,https://www.jumia.ma/samsung-galaxy-s24-noir-8-gb-ram-256-gb-6.2-inch-reconditionne-67639553.html,jumia_ma,2026-04-24T14:51:32.298415
"Samsung Galaxy S26 Ultra – 6,9"" – 12GB RAM + 512 GB ROM – White",samsung,Unknown,14099.0,Dhs,15990.0,12%,,,https://www.jumia.ma/samsung-galaxy-s26-ultra-69-12gb-ram-512-gb-rom-white-67758535.html,jumia_ma,2026-04-24T14:51:32.299195
"Samsung Galaxy A16 – 6.7"" – 4 Go RAM + 128 Go ROM – 50 MP – 4G LTE – Noir",samsung,Unknown,1550.0,Dhs,1990.0,22%,3.3,3,https://www.jumia.ma/samsung-galaxy-a16-6.7-4-go-ram-128-go-rom-50-mp-4g-lte-noir-65966958.html,jumia_ma,2026-04-24T14:51:32.299964
"Samsung Galaxy A26 5G  6.7"" (6GB RAM + 128GB ROM) - 50 Mpx +Vert -Chargeur Rapide 25W Inclus",samsung,Unknown,2990.0,Dhs,3490.0,14%,,,https://www.jumia.ma/samsung-galaxy-a26-5g-6.7-6gb-ram-128gb-rom-50-mpx-vert-chargeur-rapide-25w-inclus-66901725.html,jumia_ma,2026-04-24T14:51:32.300556
"Samsung Galaxy S24fe 5G - 6.7"" (256 Go - 8 Go) Amoled 120 Hz/12M - 4700mAh/25W + Adaptateur 25W - Gray",samsung,S24,6999.0,Dhs,,,,,https://www.jumia.ma/samsung-galaxy-s24fe-5g-6.7-256-go-8-go-amoled-120-hz12m-4700mah25w-adaptateur-25w-gray-67425326.html,jumia_ma,2026-04-24T14:51:32.301042
Samsung Galaxy S26 Ultra – 12 GB RAM / 256 GB - Noir - Neuf,samsung,Unknown,13950.0,Dhs,15895.0,12%,,,https://www.jumia.ma/samsung-galaxy-s26-ultra-12-gb-ram-256-gb-noir-neuf-67682577.html,jumia_ma,2026-04-24T14:51:32.301811
"Samsung Galaxy A16 6.7"" 4G LTE (4GB RAM + 128GB ROM) - 50 Mpx + Adapter - VERT",samsung,Unknown,1650.0,Dhs,1890.0,13%,5,1,https://www.jumia.ma/samsung-galaxy-a16-6.7-4g-lte-4gb-ram-128gb-rom-50-mpx-adapter-vert-66419576.html,jumia_ma,2026-04-24T14:51:32.303027
"Samsung Galaxy A07 – Smartphone 4G – 4 Go RAM + 128 Go ROM – Écran 6.7"" HD+ – Batterie 5000 mAh – Double SIM – Noir + incassable + les écouteurs sans fils gratuits",samsung,A07,1879.0,Dhs,,,,,https://www.jumia.ma/galaxy-a07-smartphone-4g-4-go-ram-128-go-rom-ecran-6.7-hd-batterie-5000-mah-double-sim-noir-incassable-les-ecouteurs-sans-fils-gratuits-samsung-mpg1546787.html,jumia_ma,2026-04-24T14:51:32.304357
Samsung Galaxy S23 Ultra 12 Go Ram + 256 Go Rom - Cream,samsung,S23 Ultra,11119.0,Dhs,12649.0,12%,,,https://www.jumia.ma/samsung-galaxy-s23-ultra-12-go-ram-256-go-rom-cream-64723543.html,jumia_ma,2026-04-24T14:51:32.304965
"Samsung Galaxy A05 – Smartphone 4G – 4 Go RAM + 128 Go ROM – Écran 6,7"" HD+ – Black – Double SIM",samsung,A05,1200.0,Dhs,,,,,https://www.jumia.ma/galaxy-a05-smartphone-4g-4-go-ram-128-go-rom-ecran-67-hd-black-double-sim-samsung-mpg1540196.html,jumia_ma,2026-04-24T14:51:32.305484
Samsung Galaxy A56 5G 8 Go RAM 256 Go ROM Awesome Gravity,samsung,Unknown,5900.0,Dhs,,,,,https://www.jumia.ma/samsung-galaxy-a56-5g-8-go-ram-256-go-rom-awesome-gravity-67185899.html,jumia_ma,2026-04-24T14:51:32.306014
"Samsung Galaxy A17 – Smartphone 4G – 4 Go RAM + 128 Go ROM – Écran Super AMOLED 6,5"" – Batterie 5000 mAh – Double SIM+ incassable + les écouteurs sans fils gratuits",samsung,Unknown,2369.0,Dhs,,,1,1,https://www.jumia.ma/samsung-galaxy-a17-smartphone-4g-4-go-ram-128-go-rom-ecran-super-amoled-65-batterie-5000-mah-double-sim-incassable-les-ecouteurs-sans-fils-gratuits-67284753.html,jumia_ma,2026-04-24T14:51:32.306664
Samsung GALAXY A06 5G Noir 4/64Go,samsung,A06,1149.0,Dhs,,,,,https://www.jumia.ma/samsung-galaxy-a06-5g-noir-464go-67682196.html,jumia_ma,2026-04-24T14:51:32.307131
"Samsung Galaxy A35 - 6.6"" - 8GB RAM + 256GB ROM - Violet",samsung,A35,5900.0,Dhs,,,,,https://www.jumia.ma/samsung-galaxy-a35-6.6-8gb-ram-256gb-rom-violet-65761563.html,jumia_ma,2026-04-24T14:51:32.307583
"Samsung Galaxy A36 5G – 8 Go RAM, 256 Go ROM – Écran 6.5"" FHD+ – Awesome Black – Double SIM+ Incassable + les écouteurs sans fils + chargeur gratuits",samsung,Unknown,3899.0,Dhs,,,,,https://www.jumia.ma/samsung-galaxy-a36-5g-8-go-ram-256-go-rom-ecran-6.5-fhd-awesome-black-double-sim-incassable-les-ecouteurs-sans-fils-chargeur-gratuits-67329575.html,jumia_ma,2026-04-24T14:51:32.308136
"Samsung Z FLIP 6 - 6.7"" - 12 GB + 512 GB + Free Flipsuit case + Single wireless charger + Powerbank - Yellow",samsung,Z Flip 6,15990.0,Dhs,,,,,https://www.jumia.ma/samsung-z-flip-6-6.7-12-gb-512-gb-free-flipsuit-case-single-wireless-charger-powerbank-yellow-65584086.html,jumia_ma,2026-04-24T14:51:32.308584
Samsung S24 Galaxy 12GB+ 512 GB Dual Sim - Cobalt Violet (SM-S926BZVCMWD),samsung,S24,18581.0,Dhs,,,,,https://www.jumia.ma/samsung-s24-galaxy-12gb-512-gb-dual-sim-cobalt-violet-sm-s926bzvcmwd-65150876.html,jumia_ma,2026-04-24T14:51:32.309022
"Samsung Galaxy M33 – 6.6"" – 5G – 6 Go RAM + 128 Go ROM – Dual Sim – 50 MP – Bleu",samsung,Unknown,2590.0,Dhs,,,5,2,https://www.jumia.ma/samsung-galaxy-m33-6.6-5g-6-go-ram-128-go-rom-dual-sim-50-mp-bleu-58594698.html,jumia_ma,2026-04-24T14:51:32.309505
"Samsung Galaxy A04s - 6.5""- 128 Go - 4 Go RAM",samsung,Unknown,1350.0,Dhs,1999.0,32%,,,https://www.jumia.ma/samsung-galaxy-a04s-6.5-128-go-4-go-ram-67194718.html,jumia_ma,2026-04-24T14:51:32.310070
Samsung Galaxy A56 5G - 6.7''-(8GB - 256GB)-50MP+12MP+5MP+/32MP- Noir + Chargeur 25 W,samsung,Unknown,4590.0,Dhs,5590.0,18%,5,1,https://www.jumia.ma/samsung-galaxy-a56-5g-6.7-8gb-256gb-50mp12mp5mp32mp-noir-chargeur-25-w-66901602.html,jumia_ma,2026-04-24T14:51:32.310624
"Samsung Galaxy A56 - 6.7"" – 8GB + 256GB – Awesome Graphite",samsung,Unknown,5749.0,Dhs,,,,,https://www.jumia.ma/samsung-galaxy-a56-6.7-8gb-256gb-awesome-graphite-66392391.html,jumia_ma,2026-04-24T14:51:32.311059
"Samsung Z FLIP 6 - 6.7"" - 12 GB + 256 GB + Free Flipsuit case + Single wireless charger + Powerbank - Silver Shadow",samsung,Z Flip 6,14490.0,Dhs,,,,,https://www.jumia.ma/samsung-z-flip-6-6.7-12-gb-256-gb-free-flipsuit-case-single-wireless-charger-powerbank-silver-shadow-65386844.html,jumia_ma,2026-04-24T14:51:32.311469
"Samsung Galaxy A56 - 6.7"" – 8GB + 128GB – Awesome Graphite",samsung,Unknown,5490.0,Dhs,,,,,https://www.jumia.ma/samsung-galaxy-a56-6.7-8gb-128gb-awesome-graphite-66392389.html,jumia_ma,2026-04-24T14:51:32.311959
"Samsung Galaxy A06 – 6,7"" HD+ – 6 Go RAM – 128 Go ROM – Double SIM – Batterie Longue Durée – Noir Élégant+ chargeur cadeau",samsung,A06,1500.0,Dhs,,,,,https://www.jumia.ma/samsung-galaxy-a06-67-hd-6-go-ram-128-go-rom-double-sim-batterie-longue-duree-noir-elegant-chargeur-cadeau-67200290.html,jumia_ma,2026-04-24T14:51:32.312389
"Samsung Galaxy A36 - 6.7"" – 8GB + 256GB – Awesome Black",samsung,Unknown,4990.0,Dhs,,,,,https://www.jumia.ma/samsung-galaxy-a36-6.7-8gb-256gb-awesome-black-67732962.html,jumia_ma,2026-04-24T14:51:32.312805
"Samsung A26 5G - Smartphone 5G - 8Go RAM, 256Go ROM - Écran 6.5"" FHD+ 120Hz - Noir - Double SIM+ Adaptateur gratuit",samsung,Unknown,3049.0,Dhs,,,,,https://www.jumia.ma/samsung-a26-5g-smartphone-5g-8go-ram-256go-rom-ecran-6.5-fhd-120hz-noir-double-sim-adaptateur-gratuit-67407992.html,jumia_ma,2026-04-24T14:51:32.313218
"Samsung Galaxy A07 – Smartphone 4G – 4 Go RAM + 128 Go ROM – Écran 6.7"" HD+ – Batterie 5000 mAh – Double SIM – Noir+ adaptateur + les écouteurs sans fils + incassable gratuits",samsung,A07,2889.0,Dhs,,,,,https://www.jumia.ma/samsung-galaxy-a07-smartphone-4g-4-go-ram-128-go-rom-ecran-6.7-hd-batterie-5000-mah-double-sim-noir-adaptateur-les-ecouteurs-sans-fils-incassable-gratuits-67407964.html,jumia_ma,2026-04-24T14:51:32.313624
"Samsung A06 – 6.7"" – 128 Go – 6 Go RAM – Helio G85 – 5000 mAh/25W – 50MP – Blue",samsung,A06,1312.0,Dhs,1499.0,12%,,,https://www.jumia.ma/samsung-a06-6.7-128-go-6-go-ram-helio-g85-5000-mah25w-50mp-blue-67598956.html,jumia_ma,2026-04-24T14:51:32.314198
Samsung Galaxy S24 FE - Graphite - 8 Go / 128 Go - Reconditionné,samsung,S24,3699.0,Dhs,4999.0,26%,,,https://www.jumia.ma/samsung-galaxy-s24-fe-graphite-8-go-128-go-reconditionne-67763202.html,jumia_ma,2026-04-24T14:51:32.314692
"Samsung Galaxy A06 – 6,7"" HD+ – 6 Go RAM – 128 Go ROM – Double SIM – Batterie Longue Durée – Noir Élégant + chargeur, les écouteurs, incassable gratuit",samsung,A06,1550.0,Dhs,,,5,1,https://www.jumia.ma/samsung-galaxy-a06-67-hd-6-go-ram-128-go-rom-double-sim-batterie-longue-duree-noir-elegant-chargeur-les-ecouteurs-incassable-gratuit-67200294.html,jumia_ma,2026-04-24T14:51:32.315223
"Samsung Galaxy A05s – Smartphone 4G – 4 Go RAM + 128 Go ROM – Écran 6,7"" FHD+ – Batterie 5000 mAh – Double SIM – Noir",samsung,A05,1610.0,Dhs,,,,,https://www.jumia.ma/samsung-galaxy-a05s-smartphone-4g-4-go-ram-128-go-rom-ecran-67-fhd-batterie-5000-mah-double-sim-noir-67334945.html,jumia_ma,2026-04-24T14:51:32.315630
"Samsung Galaxy A16 6.7"" 4G LTE (4GB RAM + 128GB ROM) - 50 Mpx -  VERT",samsung,Unknown,1550.0,Dhs,1790.0,13%,,,https://www.jumia.ma/samsung-galaxy-a16-6.7-4g-lte-4gb-ram-128gb-rom-50-mpx-vert-66419582.html,jumia_ma,2026-04-24T14:51:32.316199
"Samsung Galaxy A17 – Smartphone 4G – 4 Go RAM + 128 Go ROM – Écran Super AMOLED 6,5"" – Batterie 5000 mAh – Double SIM + Incassable + Écouteurs sans fils + Chargeur cadeaux",samsung,Unknown,2649.0,Dhs,,,,,https://www.jumia.ma/samsung-galaxy-a17-smartphone-4g-4-go-ram-128-go-rom-ecran-super-amoled-65-batterie-5000-mah-double-sim-incassable-ecouteurs-sans-fils-chargeur-cadeaux-67284910.html,jumia_ma,2026-04-24T14:51:34.753192
"Samsung Galaxy A55 - 6,6"" - 8GB RAM + 256GB ROM -  Noir",samsung,A55,5749.0,Dhs,,,,,https://www.jumia.ma/samsung-galaxy-a55-66-8gb-ram-256gb-rom-noir-64936786.html,jumia_ma,2026-04-24T14:51:34.753922
"Samsung Galaxy A36 5G – 8 Go RAM, 256 Go ROM – Écran 6.5"" FHD+ – Awesome Black – Double SIM",samsung,Unknown,3999.0,Dhs,,,,,https://www.jumia.ma/samsung-galaxy-a36-5g-8-go-ram-256-go-rom-ecran-6.5-fhd-awesome-black-double-sim-67187231.html,jumia_ma,2026-04-24T14:51:34.754584
"Samsung Galaxy S23FE - 6.4"" - 8GB + 256GB - Purple",samsung,S23,7249.0,Dhs,,,5,1,https://www.jumia.ma/samsung-galaxy-s23fe-6.4-8gb-256gb-purple-64158926.html,jumia_ma,2026-04-24T14:51:34.755316
Samsung Galaxy A36 5G - 6.7'' - (8GB - 256 GB)  -50MP+12MP+5MP+/32MP -WHITE+ Adapteur Rapide 25W Inclus,samsung,Unknown,3590.0,Dhs,4100.0,12%,,,https://www.jumia.ma/samsung-galaxy-a36-5g-6.7-8gb-256-gb-50mp12mp5mp32mp-white-adapteur-rapide-25w-inclus-67183670.html,jumia_ma,2026-04-24T14:51:34.756020
"Samsung Galaxy A36 - 6.7"" – 8GB + 256GB – Awesome White",samsung,Unknown,4990.0,Dhs,,,,,https://www.jumia.ma/samsung-galaxy-a36-6.7-8gb-256gb-awesome-white-66392313.html,jumia_ma,2026-04-24T14:51:34.756567
"Samsung Galaxy A06 5G – 6.7"" – 64 Go – 4 Go RAM – Helio G85 – 5000 mAh/25W – 50MP + Adapter  – Black",samsung,A06,1219.0,Dhs,1499.0,19%,,,https://www.jumia.ma/samsung-galaxy-a06-5g-6.7-64-go-4-go-ram-helio-g85-5000-mah25w-50mp-adapter-black-67795739.html,jumia_ma,2026-04-24T14:51:34.757231
"Samsung Galaxy A26 5G - 8Go RAM, 256Go ROM - Écran 6.5"" FHD+ 120Hz - Noir - Double SIM",samsung,Unknown,3000.0,Dhs,,,,,https://www.jumia.ma/galaxy-a26-5g-8go-ram-256go-rom-ecran-6.5-fhd-120hz-noir-double-sim-samsung-mpg1547097.html,jumia_ma,2026-04-24T14:51:34.757721
"Samsung Galaxy A07 – Smartphone 4G – 4 Go RAM + 128 Go ROM – Écran 6.7"" HD+ – Batterie 5000 mAh – Double SIM – Noir",samsung,A07,2084.0,Dhs,,,,,https://www.jumia.ma/samsung-galaxy-a07-smartphone-4g-4-go-ram-128-go-rom-ecran-6.7-hd-batterie-5000-mah-double-sim-noir-67309739.html,jumia_ma,2026-04-24T14:51:34.758334
"Samsung Galaxy Z Fold 6 – 7.6"" – 512 Go – Snapdragon 8 – 12 Go RAM – 5G – Rose (SM-F956BLIGMWD)",samsung,Z Fold 6,19152.0,Dhs,,,,,https://www.jumia.ma/samsung-galaxy-z-fold-6-7.6-512-go-snapdragon-8-12-go-ram-5g-rose-sm-f956bligmwd-65574582.html,jumia_ma,2026-04-24T14:51:34.759045
Samsung Galaxy S25 Ultra - 6.9'' - 256 Go - 12 Go RAM - Titanium Gray,samsung,S25 Ultra,16490.0,Dhs,,,,,https://www.jumia.ma/samsung-galaxy-s25-ultra-6.9-256-go-12-go-ram-titanium-gray-66067140.html,jumia_ma,2026-04-24T14:51:34.759662
"Samsung Galaxy A26 - 6.7"" – 6GB + 128GB – Peach Pink",samsung,Unknown,3249.0,Dhs,,,,,https://www.jumia.ma/samsung-galaxy-a26-6.7-6gb-128gb-peach-pink-66392435.html,jumia_ma,2026-04-24T14:51:34.760639
"Samsung Galaxy A35 - 6.6"" - 8GB RAM + 256GB ROM - Bleu",samsung,A35,3979.0,Dhs,,,,,https://www.jumia.ma/samsung-galaxy-a35-6.6-8gb-ram-256gb-rom-bleu-65974372.html,jumia_ma,2026-04-24T14:51:34.761327
"Samsung Galaxy A56 5G - 6.7"" (256 Go - 8 Go) Amoled 120 Hz - 5000mAh + Adaptateur 25W - Awesome LightGray",samsung,Unknown,5999.0,Dhs,,,,,https://www.jumia.ma/samsung-galaxy-a56-5g-6.7-256-go-8-go-amoled-120-hz-5000mah-adaptateur-25w-awesome-lightgray-67502746.html,jumia_ma,2026-04-24T14:51:34.761923
"Samsung Galaxy A55 - 6,6"" - 8GB RAM + 256GB ROM -  Jaune",samsung,A55,5749.0,Dhs,,,,,https://www.jumia.ma/samsung-galaxy-a55-66-8gb-ram-256gb-rom-jaune-64936789.html,jumia_ma,2026-04-24T14:51:34.762510
"Samsung Galaxy A04s - 6.5""- 128 Go - 4 Go Ram - Copper",samsung,Unknown,1300.0,Dhs,1798.0,28%,5,1,https://www.jumia.ma/samsung-galaxy-a04s-6.5-128-go-4-go-ram-copper-65549531.html,jumia_ma,2026-04-24T14:51:34.763293
Samsung Galaxy A17  128 Go 4 Go RAM NoiR Smartphone Puissant et Élégan,samsung,Unknown,1883.0,Dhs,,,,,https://www.jumia.ma/samsung-galaxy-a17-128-go-4-go-ram-noir-smartphone-puissant-et-elegan-67540657.html,jumia_ma,2026-04-24T14:51:34.763937
"Samsung Galaxy S25+ - 6.7""- 12+512GB - Mint",samsung,S25+,14490.0,Dhs,,,,,https://www.jumia.ma/galaxy-s25-6.7-12512gb-silver-shadow-samsung-mpg1515600.html,jumia_ma,2026-04-24T14:51:34.764570
"Samsung Galaxy A16 6.7"" 4G LTE (6GB RAM + 128GB ROM) - 50 Mpx + Adapter - GRIS",samsung,Unknown,1979.0,Dhs,2100.0,6%,,,https://www.jumia.ma/samsung-galaxy-a16-6.7-4g-lte-6gb-ram-128gb-rom-50-mpx-adapter-gris-67120056.html,jumia_ma,2026-04-24T14:51:34.765261
Samsung Galaxy A17 4RAM 128 stockage smartphone élégan,samsung,Unknown,1936.0,Dhs,,,,,https://www.jumia.ma/samsung-galaxy-a17-4ram-128-stockage-smartphone-elegan-67540674.html,jumia_ma,2026-04-24T14:51:34.765878
Samsung Galaxy A17  128 G Noir Smartphone Puissant,samsung,Unknown,1989.0,Dhs,,,,,https://www.jumia.ma/samsung-galaxy-a17-128-g-noir-smartphone-puissant-67540700.html,jumia_ma,2026-04-24T14:51:34.766606
"Samsung Galaxy A36 5G – 8 Go RAM, 256 Go ROM – Écran 6.5"" FHD+ – Awesome Black – Double SIM",samsung,Unknown,3799.0,Dhs,,,,,https://www.jumia.ma/samsung-galaxy-a36-5g-8-go-ram-256-go-rom-ecran-6.5-fhd-awesome-black-double-sim-67329567.html,jumia_ma,2026-04-24T14:51:34.768617
"Samsung Galaxy A07 – 64 Go, 4 Go RAM – Grand Écran & Batterie Puissante",samsung,A07,1499.0,Dhs,,,,,https://www.jumia.ma/samsung-galaxy-a07-64-go-4-go-ram-grand-ecran-batterie-puissante-67280763.html,jumia_ma,2026-04-24T14:51:34.769305
"Samsung Galaxy A05s – Smartphone 4G – 4 Go RAM + 128 Go ROM – Écran 6,7"" FHD+ – Batterie 5000 mAh – Double SIM – Noir+ adaptateur cadeau",samsung,A05,1659.0,Dhs,,,,,https://www.jumia.ma/samsung-galaxy-a05s-smartphone-4g-4-go-ram-128-go-rom-ecran-67-fhd-batterie-5000-mah-double-sim-noir-adaptateur-cadeau-67334949.html,jumia_ma,2026-04-24T14:51:34.769879
"Samsung Galaxy A36 - 6.7"" – 8GB + 128GB – Awesome White",samsung,Unknown,3329.0,Dhs,4490.0,26%,,,https://www.jumia.ma/samsung-galaxy-a36-6.7-8gb-128gb-awesome-white-66392312.html,jumia_ma,2026-04-24T14:51:34.770519
"Samsung Galaxy A16 6.7"" 4G LTE (6GB RAM + 128GB ROM) - 50 Mpx + Adapter - noir",samsung,Unknown,1990.0,Dhs,2099.0,5%,,,https://www.jumia.ma/samsung-galaxy-a16-6.7-4g-lte-6gb-ram-128gb-rom-50-mpx-adapter-noir-67120059.html,jumia_ma,2026-04-24T14:51:34.771141
Samsung GALAXY A36 128G 6G RAM 6.5 FHD+,samsung,Unknown,3000.0,Dhs,3700.0,19%,,,https://www.jumia.ma/samsung-galaxy-a36-128g-6g-ram-6.5-fhd-67716193.html,jumia_ma,2026-04-24T14:51:34.771715
"Samsung Galaxy S25+ - 6.7""- 12+256GB - Navy",samsung,S25+,12990.0,Dhs,,,,,https://www.jumia.ma/samsung-galaxy-s25-6.7-12256gb-navy-66067192.html,jumia_ma,2026-04-24T14:51:34.772367
"Samsung A26 5G - Smartphone 5G - 8Go RAM, 256Go ROM - Écran 6.5"" FHD+ 120Hz - Noir - Double SIM+ le chargeur gratuit",samsung,Unknown,3349.0,Dhs,,,1,1,https://www.jumia.ma/samsung-a26-5g-smartphone-5g-8go-ram-256go-rom-ecran-6.5-fhd-120hz-noir-double-sim-le-chargeur-gratuit-67206575.html,jumia_ma,2026-04-24T14:51:34.773007
Samsung Galaxy S23 Plus 8Go Ram 256 Go Rom - Cream,samsung,S23,9799.0,Dhs,10999.0,11%,,,https://www.jumia.ma/samsung-galaxy-s23-plus-8go-ram-256-go-rom-cream-64721419.html,jumia_ma,2026-04-24T14:51:34.773566
"Samsung Galaxy A03 – 6.5"" – 4 Go RAM – 128 Go ROM – 5000 mAh – 48 MP – Dual Sim – Rouge",samsung,Unknown,1690.0,Dhs,,,4,1,https://www.jumia.ma/galaxy-a03-4g-ram-64g-rom-6.5-5000-mah-48mp-dual-sim-rouge-samsung-mpg1395247.html,jumia_ma,2026-04-24T14:51:34.774222
"Samsung Galaxy S25+ - 6.7""- 12+256GB - Mint",samsung,S25+,12990.0,Dhs,,,,,https://www.jumia.ma/samsung-galaxy-s25-6.7-12256gb-mint-66067187.html,jumia_ma,2026-04-24T14:51:34.774767
"Samsung Galaxy A07 – Smartphone 4G – 4 Go RAM + 128 Go ROM – Écran 6.7"" HD+ – Batterie 5000 mAh – Double SIM – Noir+ chargeur gratuit",samsung,A07,1849.0,Dhs,,,,,https://www.jumia.ma/samsung-galaxy-a07-smartphone-4g-4-go-ram-128-go-rom-ecran-6.7-hd-batterie-5000-mah-double-sim-noir-chargeur-gratuit-67309743.html,jumia_ma,2026-04-24T14:51:34.775319
Samsung Galaxy A26 5G – 256 Go ROM – 8 Go RAM – White – Double SIM,samsung,Unknown,2869.0,Dhs,,,,,https://www.jumia.ma/samsung-galaxy-a26-5g-256-go-rom-8-go-ram-white-double-sim-67766862.html,jumia_ma,2026-04-24T14:51:34.775950
"Samsung Galaxy A26 5G  6.7"" (6GB RAM + 128GB ROM) - 50 Mpx +Noir-Chargeur Rapide 25W Inclus",samsung,Unknown,2790.0,Dhs,3200.0,13%,,,https://www.jumia.ma/galaxy-a26-5g-6.7-6gb-ram-128gb-rom-50-mpx-noir-chargeur-rapide-25w-inclus-samsung-mpg1529049.html,jumia_ma,2026-04-24T14:51:34.776600
"Samsung Galaxy A36 - 6.7"" – 8GB + 256GB – Awesome Lime",samsung,Unknown,4990.0,Dhs,,,,,https://www.jumia.ma/samsung-galaxy-a36-6.7-8gb-256gb-awesome-lime-66392310.html,jumia_ma,2026-04-24T14:51:34.777140
Samsung Galaxy S25 Ultra - 6.9'' - 1 TB - 12 Go RAM - Titanium Black,samsung,S25 Ultra,20990.0,Dhs,,,,,https://www.jumia.ma/samsung-galaxy-s25-ultra-6.9-1-tb-12-go-ram-titanium-black-66067201.html,jumia_ma,2026-04-24T14:51:34.777600
Samsung Galaxy S25 FE - 8 Go / 256 Go - Navy / Bleu Nuit - Neuf,samsung,S25,6799.0,Dhs,7899.0,14%,,,https://www.jumia.ma/samsung-galaxy-s25-fe-8-go-256-go-navy-bleu-nuit-neuf-67760349.html,jumia_ma,2026-04-24T14:51:34.778232
"Samsung  Galaxy A06 – 6,6"" HD – 6 Go RAM + 128 Go ROM – Noir – Double SIM+ incassable et les écouteurs sans fils gratuits",samsung,A06,1675.0,Dhs,,,,,https://www.jumia.ma/samsung-galaxy-a06-66-hd-6-go-ram-128-go-rom-noir-double-sim-incassable-et-les-ecouteurs-sans-fils-gratuits-67209183.html,jumia_ma,2026-04-24T14:51:34.778709
"Samsung Galaxy A55 - 6,6"" - 8GB RAM + 256GB ROM -  Awesome Lilac",samsung,A55,5749.0,Dhs,,,,,https://www.jumia.ma/samsung-galaxy-a55-66-8gb-ram-256gb-rom-awesome-lilac-64936787.html,jumia_ma,2026-04-24T14:51:34.779183
"Samsung Galaxy S25 - 6,2"" - 256 Go - 12 Go Ram - Mint",samsung,S25,11490.0,Dhs,,,,,https://www.jumia.ma/samsung-galaxy-s25-62-256-go-12-go-ram-mint-66067133.html,jumia_ma,2026-04-24T14:51:37.539409
"Samsung Galaxy A07 – Smartphone 4G – 4 Go RAM + 64 Go ROM – Écran 6.7"" HD+ – Batterie 5000 mAh – Double SIM – Noir+ adaptateur gratuit",samsung,A07,1939.0,Dhs,,,,,https://www.jumia.ma/samsung-galaxy-a07-smartphone-4g-4-go-ram-64-go-rom-ecran-6.7-hd-batterie-5000-mah-double-sim-noir-adaptateur-gratuit-67407976.html,jumia_ma,2026-04-24T14:51:37.540459
"Samsung Galaxy A36 - 6.7"" – 8GB + 128GB – Awesome Lime",samsung,Unknown,3329.0,Dhs,4490.0,26%,,,https://www.jumia.ma/samsung-galaxy-a36-6.7-8gb-128gb-awesome-lime-66392333.html,jumia_ma,2026-04-24T14:51:37.541460
"Samsung Galaxy A04s - 6.5""- 128 Go - 4 Go RAM - Copper",samsung,Unknown,1299.0,Dhs,1685.0,23%,,,https://www.jumia.ma/samsung-galaxy-a04s-6.5-128-go-4-go-ram-copper-65328977.html,jumia_ma,2026-04-24T14:51:37.542483
"Samsung A17 6.7"" (128 Go - 4 Go) Amoled 90Hz - Helio G99 - 5000mAh/25W - Gray",samsung,Unknown,1899.0,Dhs,2099.0,10%,,,https://www.jumia.ma/samsung-a17-6.7-128-go-4-go-amoled-90hz-helio-g99-5000mah25w-gray-67248133.html,jumia_ma,2026-04-24T14:51:37.544153
"Samsung Galaxy S25 - 6,2"" - 512 Go - 12 Go Ram - Silver Shadow",samsung,S25,12990.0,Dhs,,,,,https://www.jumia.ma/galaxy-s25-12gb-128gb-6.2-blue-navy-samsung-mpg1515598.html,jumia_ma,2026-04-24T14:51:37.544924
"Samsung Z FLIP 6 - 6.7"" - 12 GB + 512 GB + Free Flipsuit case + Single wireless charger + Powerbank - Mint",samsung,Z Flip 6,15990.0,Dhs,,,,,https://www.jumia.ma/samsung-z-flip-6-6.7-12-gb-512-gb-free-flipsuit-case-single-wireless-charger-powerbank-mint-65386843.html,jumia_ma,2026-04-24T14:51:37.545588
"Samsung A26 5G – Smartphone 5G – 8 Go RAM + 256 Go ROM – Écran 6.5"" FHD+ 120Hz – Noir – Double SIM+ l'incassable et les écouteurs sans fils gratuits",samsung,Unknown,3069.0,Dhs,,,,,https://www.jumia.ma/a26-5g-smartphone-5g-8-go-ram-256-go-rom-ecran-6.5-fhd-120hz-noir-double-sim-lincassable-et-les-ecouteurs-sans-fils-gratuits-samsung-mpg1547726.html,jumia_ma,2026-04-24T14:51:37.546330
"Samsung Galaxy A37 5G - 6.7"" (256 Go - 8 Go) Amoled 120 Hz - 5000mAh - Awesome White",samsung,Unknown,4879.0,Dhs,5200.0,6%,,,https://www.jumia.ma/samsung-galaxy-a37-5g-6.7-256-go-8-go-amoled-120-hz-5000mah-awesome-white-67797782.html,jumia_ma,2026-04-24T14:51:37.547336
"Samsung A05 – 6.7"" – 128 Go – 4 Go RAM – IPS LCD – 5000 mAh – 50MP – Noir",samsung,A05,1449.0,Dhs,,,,,https://www.jumia.ma/samsung-a05-6.7-128-go-4-go-ram-ips-lcd-5000-mah-50mp-noir-64881532.html,jumia_ma,2026-04-24T14:51:37.548415
"Samsung Z FLIP 6 - 6.7"" - 12 GB + 256 GB + Free Flipsuit case + Single wireless charger + Powerbank - Blue",samsung,Z Flip 6,14490.0,Dhs,,,,,https://www.jumia.ma/samsung-z-flip-6-6.7-12-gb-256-gb-free-flipsuit-case-single-wireless-charger-powerbank-blue-65379267.html,jumia_ma,2026-04-24T14:51:37.549123
"Samsung Galaxy S23FE - 6.4"" - 8GB + 256GB - Cream",samsung,S23,7249.0,Dhs,,,5,2,https://www.jumia.ma/samsung-galaxy-s23fe-6.4-8gb-256gb-cream-64158925.html,jumia_ma,2026-04-24T14:51:37.549888
"Samsung Galaxy A26 - 6.7"" – 8GB + 128GB – Black",samsung,Unknown,3749.0,Dhs,,,,,https://www.jumia.ma/samsung-galaxy-a26-6.7-8gb-128gb-black-66392438.html,jumia_ma,2026-04-24T14:51:37.550619
"Samsung Galaxy S26 – 6,3"" – 12GB RAM + 256 GB ROM – Sky Blue",samsung,Unknown,9390.0,Dhs,9990.0,6%,,,https://www.jumia.ma/samsung-galaxy-s26-63-12gb-ram-256-gb-rom-sky-blue-67758537.html,jumia_ma,2026-04-24T14:51:37.551346
"Samsung Galaxy A05s – Smartphone 4G – 4 Go RAM + 128 Go ROM – Écran 6,7"" FHD+ – Batterie 5000 mAh – Double SIM – Noir+les écouteurs sans fils cadeaux",samsung,A05,1679.0,Dhs,,,,,https://www.jumia.ma/samsung-galaxy-a05s-smartphone-4g-4-go-ram-128-go-rom-ecran-67-fhd-batterie-5000-mah-double-sim-noirles-ecouteurs-sans-fils-cadeaux-67334952.html,jumia_ma,2026-04-24T14:51:37.551951
"Samsung Galaxy A56 - 6.7"" – 8GB + 128GB – Awesome Light Grey",samsung,Unknown,5490.0,Dhs,,,,,https://www.jumia.ma/samsung-galaxy-a56-6.7-8gb-128gb-awesome-light-grey-66392388.html,jumia_ma,2026-04-24T14:51:37.552570
"Samsung Z FLIP 6 - 6.7"" - 12 GB + 512 GB + Free Flipsuit case + Single wireless charger + Powerbank - Silver Shadow",samsung,Z Flip 6,15990.0,Dhs,,,,,https://www.jumia.ma/samsung-z-flip-6-6.7-12-gb-512-gb-free-flipsuit-case-single-wireless-charger-powerbank-silver-shadow-65584085.html,jumia_ma,2026-04-24T14:51:37.553104
"Samsung Galaxy Z Flip5 - 6.7"" - 8GB + 256GB - Graphite",samsung,Unknown,11990.0,Dhs,,,,,https://www.jumia.ma/samsung-galaxy-z-flip5-6.7-8gb-256gb-graphite-64155106.html,jumia_ma,2026-04-24T14:51:37.553632
Samsung Galaxy S25 Ultra - 6.9'' - 1 TB - 12 Go RAM - Titanium Whitesilver,samsung,S25 Ultra,20990.0,Dhs,,,,,https://www.jumia.ma/samsung-galaxy-s25-ultra-6.9-1-tb-12-go-ram-titanium-whitesilver-66067182.html,jumia_ma,2026-04-24T14:51:37.554212
"Samsung Galaxy A37 5G - 6.7"" (256 Go - 8 Go) Amoled 120 Hz - 5000mAh - Awesome Charcoal",samsung,Unknown,4879.0,Dhs,5200.0,6%,,,https://www.jumia.ma/samsung-galaxy-a37-5g-6.7-256-go-8-go-amoled-120-hz-5000mah-awesome-charcoal-67796767.html,jumia_ma,2026-04-24T14:51:37.554829
"Samsung Galaxy A36 5G – 8 Go RAM, 256 Go ROM – Écran 6.5"" FHD+ – Awesome Black – Double SIM+ chargeur gratuits",samsung,Unknown,3849.0,Dhs,,,,,https://www.jumia.ma/samsung-galaxy-a36-5g-8-go-ram-256-go-rom-ecran-6.5-fhd-awesome-black-double-sim-chargeur-gratuits-67329577.html,jumia_ma,2026-04-24T14:51:37.555429
Samsung  Galaxy A16 4GB + 128GB - Gray - 2 ans de garantie,samsung,Unknown,1759.0,Dhs,1799.0,2%,,,https://www.jumia.ma/samsung-galaxy-a16-4gb-128gb-gray-2-ans-de-garantie-67112644.html,jumia_ma,2026-04-24T14:51:37.556123
"Samsung Galaxy A03 – 6.5"" – 4 Go RAM – 64 Go ROM – 5000 mAh – 48 MP – Dual Sim – Noir",samsung,Unknown,1440.0,Dhs,,,3,1,https://www.jumia.ma/galaxy-a03-4g-ram-64-g-rom-6.5-5000-mah-48mp-dual-sim-noir-samsung-mpg1395261.html,jumia_ma,2026-04-24T14:51:37.556769
"Samsung Galaxy A06 – 6,6"" HD – 6 Go RAM + 128 Go ROM – Noir – Double SIM+ chargeur cadeau",samsung,A06,1659.0,Dhs,,,,,https://www.jumia.ma/samsung-galaxy-a06-66-hd-6-go-ram-128-go-rom-noir-double-sim-chargeur-cadeau-67209172.html,jumia_ma,2026-04-24T14:51:37.557301
"Samsung Galaxy A56 - 6.7"" – 8GB + 128GB – Awesome Olive",samsung,Unknown,5490.0,Dhs,,,,,https://www.jumia.ma/samsung-galaxy-a56-6.7-8gb-128gb-awesome-olive-66392393.html,jumia_ma,2026-04-24T14:51:37.557840
"Samsung Galaxy A06 – 6,7"" HD+ – 6 Go RAM – 128 Go ROM – Double SIM – Batterie Longue Durée – Noir Élégant+ les écouteurs et l'incassable cadeaux",samsung,A06,1520.0,Dhs,,,,,https://www.jumia.ma/samsung-galaxy-a06-67-hd-6-go-ram-128-go-rom-double-sim-batterie-longue-duree-noir-elegant-les-ecouteurs-et-lincassable-cadeaux-67200297.html,jumia_ma,2026-04-24T14:51:37.558435
Samsung Galaxy S23 Ultra - Noir 8 GB / 256 GB Noir - AMOLED 120 Hz - 5000 mAh - Reconditionné,samsung,S23 Ultra,6500.0,Dhs,9899.0,34%,,,https://www.jumia.ma/samsung-galaxy-s23-ultra-noir-8-gb-256-gb-noir-amoled-120-hz-5000-mah-reconditionne-67739288.html,jumia_ma,2026-04-24T14:51:37.559384
"Samsung A06 – 6.7"" – 128 Go – 6 Go RAM – Helio G85 – 5000 mAh/25W – 50MP – Black",samsung,A06,1499.0,Dhs,,,,,https://www.jumia.ma/samsung-a06-6.7-128-go-6-go-ram-helio-g85-5000-mah25w-50mp-black-67598943.html,jumia_ma,2026-04-24T14:51:37.560185
Samsung Galaxy A26 5G – 256 Go ROM – 8 Go RAM – White – Double SIM,samsung,Unknown,2765.0,Dhs,,,,,https://www.jumia.ma/samsung-galaxy-a26-5g-256-go-rom-8-go-ram-white-double-sim-67764513.html,jumia_ma,2026-04-24T14:51:37.560803
Samsung Galaxy A16 – 128 Go ROM – 4 Go RAM – Black – Double SIM,samsung,Unknown,1559.0,Dhs,,,,,https://www.jumia.ma/samsung-galaxy-a16-128-go-rom-4-go-ram-black-double-sim-67786067.html,jumia_ma,2026-04-24T14:51:37.561450
Samsung GALAXY A35 256+8 - NAVY,samsung,A35,2999.0,Dhs,3399.0,12%,,,https://www.jumia.ma/samsung-galaxy-a35-2568-navy-67756918.html,jumia_ma,2026-04-24T14:51:37.562168
"Samsung Galaxy S25 - 6,2"" - 256 Go - 12 Go Ram - Navy",samsung,S25,11490.0,Dhs,,,,,https://www.jumia.ma/samsung-galaxy-s25-62-256-go-12-go-ram-navy-66067158.html,jumia_ma,2026-04-24T14:51:37.562704
"Samsung  A06 6.7"" (128GB - 6GB) Helio G85 - 5000 mAh/25W - 50MP + Adapter - Black",samsung,A06,1489.0,Dhs,1599.0,7%,,,https://www.jumia.ma/samsung-a06-6.7-128gb-6gb-helio-g85-5000-mah25w-50mp-adapter-black-65972129.html,jumia_ma,2026-04-24T14:51:37.563387
"Samsung Z FLIP 6 - 6.7"" - 12 GB + 512 GB + Free Flipsuit case + Single wireless charger + Powerbank - Blue",samsung,Z Flip 6,15990.0,Dhs,,,,,https://www.jumia.ma/samsung-z-flip-6-6.7-12-gb-512-gb-free-flipsuit-case-single-wireless-charger-powerbank-blue-65386870.html,jumia_ma,2026-04-24T14:51:37.564614
Samsung Galaxy S25 Ultra - 6.9'' - 256 Go - 12 Go RAM - Titanium Silverblue,samsung,S25 Ultra,16490.0,Dhs,,,,,https://www.jumia.ma/samsung-galaxy-s25-ultra-6.9-256-go-12-go-ram-titanium-silverblue-66067141.html,jumia_ma,2026-04-24T14:51:37.565308
Samsung Galaxy A16 – 128 Go ROM – 4 Go RAM – Black – Double SIM,samsung,Unknown,1669.0,Dhs,,,,,https://www.jumia.ma/samsung-galaxy-a16-128-go-rom-4-go-ram-black-double-sim-67766961.html,jumia_ma,2026-04-24T14:51:37.565954
Samsung Galaxy A17 – 256 Go ROM – 8 Go RAM – Black – Double SIM,samsung,Unknown,2669.0,Dhs,,,,,https://www.jumia.ma/samsung-galaxy-a17-256-go-rom-8-go-ram-black-double-sim-67786137.html,jumia_ma,2026-04-24T14:51:37.566542
"Samsung Galaxy S23FE - 6.4"" - 8GB + 256GB - Mint",samsung,S23,6399.0,Dhs,7249.0,12%,4.5,2,https://www.jumia.ma/samsung-galaxy-s23fe-6.4-8gb-256gb-mint-64158922.html,jumia_ma,2026-04-24T14:51:37.567304
Samsung Galaxy A26 5G – 256 Go ROM – 8 Go RAM – White – Double SIM,samsung,Unknown,2799.0,Dhs,,,,,https://www.jumia.ma/samsung-galaxy-a26-5g-256-go-rom-8-go-ram-white-double-sim-67767273.html,jumia_ma,2026-04-24T14:51:37.567923
"Samsung A05 – 6.7"" – 64 Go – 4 Go RAM – IPS LCD – 5000 mAh – 50MP – Noir",samsung,A05,1449.0,Dhs,,,,,https://www.jumia.ma/samsung-a05-6.7-64-go-4-go-ram-ips-lcd-5000-mah-50mp-noir-64881531.html,jumia_ma,2026-04-24T14:51:37.568464
"Samsung Z FLIP 6 - 6.7"" - 12 GB + 256 GB + Free Flipsuit case + Single wireless charger + Powerbank - Yellow",samsung,Z Flip 6,14490.0,Dhs,,,,,https://www.jumia.ma/samsung-z-flip-6-6.7-12-gb-256-gb-free-flipsuit-case-single-wireless-charger-powerbank-yellow-65584087.html,jumia_ma,2026-04-24T14:51:42.200358
"Samsung  A06 6.7"" (128GB - 4GB) Helio G85 - 5000 mAh/25W - 50MP + Adapter - Black",samsung,A06,1346.0,Dhs,1599.0,16%,,,https://www.jumia.ma/samsung-a06-6.7-128gb-4gb-helio-g85-5000-mah25w-50mp-adapter-black-65972115.html,jumia_ma,2026-04-24T14:51:42.201155
"Samsung Galaxy S25 - 6,2"" - 256 Go - 12 Go Ram - Silver Shadow",samsung,S25,11490.0,Dhs,,,,,https://www.jumia.ma/samsung-galaxy-s25-62-256-go-12-go-ram-silver-shadow-66067125.html,jumia_ma,2026-04-24T14:51:42.201845
Samsung Galaxy S25 Ultra - 6.9'' -  256 Go - 12 Go RAM - Titanium Whitesilver,samsung,S25 Ultra,16490.0,Dhs,,,,,https://www.jumia.ma/samsung-galaxy-s25-ultra-6.9-256-go-12-go-ram-titanium-whitesilver-66067139.html,jumia_ma,2026-04-24T14:51:42.202520
"Samsung Galaxy A06 – 6,7"" HD+ – 6 Go RAM – 128 Go ROM – Double SIM – Batterie Longue Durée – Noir Élégant+ les écouteurs cadeaux",samsung,A06,1520.0,Dhs,,,,,https://www.jumia.ma/samsung-galaxy-a06-67-hd-6-go-ram-128-go-rom-double-sim-batterie-longue-duree-noir-elegant-les-ecouteurs-cadeaux-67200296.html,jumia_ma,2026-04-24T14:51:42.203152
Samsung Galaxy S25 Ultra - 6.9-inch 512 GB - 12 GB RAM - Titanium Black Neuf,samsung,S25 Ultra,11800.0,Dhs,17699.0,33%,5,1,https://www.jumia.ma/galaxy-s25-ultra-6.9-256-go-12-go-ram-titanium-gray-new-samsung-mpg1515599.html,jumia_ma,2026-04-24T14:51:42.204178
"Samsung Galaxy S26 – 6,3"" – 12GB RAM + 512 GB ROM – Sky Blue",samsung,Unknown,11299.0,Dhs,11990.0,6%,,,https://www.jumia.ma/samsung-galaxy-s26-63-12gb-ram-512-gb-rom-sky-blue-67758542.html,jumia_ma,2026-04-24T14:51:42.204929
Samsung Galaxy A17 – 256 Go ROM – 8 Go RAM – Black – Double SIM,samsung,Unknown,2679.0,Dhs,,,,,https://www.jumia.ma/samsung-galaxy-a17-256-go-rom-8-go-ram-black-double-sim-67786182.html,jumia_ma,2026-04-24T14:51:42.205523
"Samsung Galaxy A56 - 6.7"" – 8GB + 256GB – Awesome Olive",samsung,Unknown,5749.0,Dhs,,,,,https://www.jumia.ma/samsung-galaxy-a56-6.7-8gb-256gb-awesome-olive-66392390.html,jumia_ma,2026-04-24T14:51:42.206135
"Samsung Galaxy A03 – 6.5"" – 4 Go RAM – 128 Go ROM – 5000 mAh – 48 MP – Dual Sim – Bleu",samsung,Unknown,1690.0,Dhs,,,,,https://www.jumia.ma/galaxy-a03-4g-ram-64g-rom-6.5-5000-mah-48mp-dual-sim-bleu-samsung-mpg1395258.html,jumia_ma,2026-04-24T14:51:42.206684
"Samsung A06 – 6.7"" – 128 Go – 4 Go RAM – Helio G85 – 5000 mAh/25W – 50MP – Black",samsung,A06,1499.0,Dhs,,,,,https://www.jumia.ma/samsung-a06-6.7-128-go-4-go-ram-helio-g85-5000-mah25w-50mp-black-67333111.html,jumia_ma,2026-04-24T14:51:42.207253
Samsung Galaxy S25 Ultra - 6.9'' - 256 Go - 12 Go RAM - Titanium Black,samsung,S25 Ultra,16490.0,Dhs,,,,,https://www.jumia.ma/samsung-galaxy-s25-ultra-6.9-256-go-12-go-ram-titanium-black-66067142.html,jumia_ma,2026-04-24T14:51:42.207774
"Samsung Galaxy A56 - 6.7"" – 8GB + 256GB – Awesome Light Grey",samsung,Unknown,5749.0,Dhs,,,,,https://www.jumia.ma/samsung-galaxy-a56-6.7-8gb-256gb-awesome-light-grey-66392392.html,jumia_ma,2026-04-24T14:51:42.208401
"Samsung Galaxy S25+ - 6.7""- 12+256GB - Silver Shadow",samsung,S25+,12990.0,Dhs,,,,,https://www.jumia.ma/samsung-galaxy-s25-6.7-12256gb-silver-shadow-66067186.html,jumia_ma,2026-04-24T14:51:42.210989
"Samsung A05 – 6.7"" – 128 Go – 4 Go RAM – IPS LCD – 5000 mAh – 50MP – Green",samsung,A05,1449.0,Dhs,,,,,https://www.jumia.ma/samsung-a05-6.7-128-go-4-go-ram-ips-lcd-5000-mah-50mp-green-64881533.html,jumia_ma,2026-04-24T14:51:42.211756
Samsung Galaxy A16 – 128 Go ROM – 4 Go RAM – Black – Double SIM,samsung,Unknown,1689.0,Dhs,,,,,https://www.jumia.ma/samsung-galaxy-a16-128-go-rom-4-go-ram-black-double-sim-67766969.html,jumia_ma,2026-04-24T14:51:42.213364
"Samsung A06 – 6.7"" – 128 Go – 4 Go RAM – Helio G85 – 5000 mAh/25W – 50MP + Adaptateur – Light Blue",samsung,A06,1499.0,Dhs,,,,,https://www.jumia.ma/samsung-a06-6.7-128-go-4-go-ram-helio-g85-5000-mah25w-50mp-adaptateur-light-blue-66272756.html,jumia_ma,2026-04-24T14:51:42.213994
Samsung Galaxy A17 – 256 Go ROM – 8 Go RAM – Black – Double SIM,samsung,Unknown,2659.0,Dhs,,,,,https://www.jumia.ma/samsung-galaxy-a17-256-go-rom-8-go-ram-black-double-sim-67786107.html,jumia_ma,2026-04-24T14:51:42.214591
Samsung Galaxy S24 FE - Graphite - 8 Go / 128 Go - Remis à Neuf,samsung,S24,3975.0,Dhs,4999.0,20%,,,https://www.jumia.ma/samsung-galaxy-s24-fe-graphite-8-go-128-go-remis-a-neuf-67760705.html,jumia_ma,2026-04-24T14:51:42.215198
"Samsung Galaxy S25 - 6,2"" - 256 Go - 12 Go Ram - Icyblue",samsung,S25,11490.0,Dhs,,,,,https://www.jumia.ma/samsung-galaxy-s25-62-256-go-12-go-ram-icyblue-66067175.html,jumia_ma,2026-04-24T14:51:42.215665
"Samsung Galaxy S25+ - 6.7""- 12+256GB - Icyblue",samsung,S25+,12990.0,Dhs,,,,,https://www.jumia.ma/samsung-galaxy-s25-6.7-12256gb-icyblue-66067185.html,jumia_ma,2026-04-24T14:51:42.216197
"Samsung A06 – 6.7"" – 128 Go – 4 Go RAM – Helio G85 – 5000 mAh/25W – 50MP + Adaptateur – Black",samsung,A06,1499.0,Dhs,,,,,https://www.jumia.ma/samsung-a06-6.7-128-go-4-go-ram-helio-g85-5000-mah25w-50mp-adaptateur-black-66281061.html,jumia_ma,2026-04-24T14:51:42.216683
Samsung GALAXY A57 256+8 (5G) - plus fit 3 gratuit,samsung,Unknown,5449.0,Dhs,,,,,https://www.jumia.ma/samsung-galaxy-a57-2568-5g-plus-fit-3-gratuit-67814677.html,jumia_ma,2026-04-24T14:51:42.217117
"Samsung Galaxy A50 6.4"" 4G (4Go, 128Go) - Blanc",samsung,Unknown,2950.0,Dhs,,,,,https://www.jumia.ma/samsung-galaxy-a50-6.4-4g-4go-128go-blanc-27402602.html,jumia_ma,2026-04-24T14:51:42.217558
"Samsung Galaxy A015F 5.7"" (16Go, 2Go) Dual SIM Android 13MP+2MP/5MP - Noir",samsung,Unknown,1249.0,Dhs,,,4.3,130,https://www.jumia.ma/a015f-5.7-16gb-2-go-ram-android-dual-sim-noir-samsung-mpg860944.html,jumia_ma,2026-04-24T14:51:42.218127
"Samsung Galaxy A80, 6.7"", 8Go, 128Go - Doré - Garantie 1 an",samsung,Unknown,5999.0,Dhs,,,4.3,4,https://www.jumia.ma/galaxy-a80-6.7-8go-128go-triple-camera-android-9.0-dore-samsung-mpg836847.html,jumia_ma,2026-04-24T14:51:42.218682
"Samsung Galaxy S8 - 5.8"" - 64 Go - 4 Go - Octa Core - Noir",samsung,Unknown,6990.0,Dhs,,,5,3,https://www.jumia.ma/galaxy-s8-5.8-64-go-4-go-octa-core-noir-samsung-mpg17871.html,jumia_ma,2026-04-24T14:51:42.219247
"Samsung Galaxy S8 - 5.8"" - 64 Go - 4 Go - Octa Core - Gold",samsung,Unknown,6990.0,Dhs,,,5,3,https://www.jumia.ma/galaxy-s8-5.8-64-go-4-go-octa-core-gold-samsung-mpg15190.html,jumia_ma,2026-04-24T14:51:42.219819
